-- phpMyAdmin SQL Dump
-- version 5.1.0
-- https://www.phpmyadmin.net/
--
-- Host: 127.0.0.1
-- Generation Time: Jul 17, 2021 at 10:58 AM
-- Server version: 10.4.19-MariaDB
-- PHP Version: 8.0.6

SET SQL_MODE = "NO_AUTO_VALUE_ON_ZERO";
START TRANSACTION;
SET time_zone = "+00:00";


/*!40101 SET @OLD_CHARACTER_SET_CLIENT=@@CHARACTER_SET_CLIENT */;
/*!40101 SET @OLD_CHARACTER_SET_RESULTS=@@CHARACTER_SET_RESULTS */;
/*!40101 SET @OLD_COLLATION_CONNECTION=@@COLLATION_CONNECTION */;
/*!40101 SET NAMES utf8mb4 */;

--
-- Database: `face_recognition`
--
CREATE DATABASE IF NOT EXISTS `face_recognition` DEFAULT CHARACTER SET utf8mb4 COLLATE utf8mb4_general_ci;
USE `face_recognition`;

-- --------------------------------------------------------

--
-- Table structure for table `account`
--

DROP TABLE IF EXISTS `account`;
CREATE TABLE `account` (
  `user_id` varchar(15) NOT NULL COMMENT 'username',
  `password` int(10) UNSIGNED NOT NULL COMMENT 'password'
) ENGINE=InnoDB DEFAULT CHARSET=utf8mb4;

--
-- Dumping data for table `account`
--

INSERT INTO `account` (`user_id`, `password`) VALUES
('abc', 123);

-- --------------------------------------------------------

--
-- Table structure for table `employee`
--

DROP TABLE IF EXISTS `employee`;
CREATE TABLE `employee` (
  `emp_id` int(10) NOT NULL,
  `first_n` varchar(15) NOT NULL,
  `middle_n` varchar(15) DEFAULT NULL,
  `last_n` varchar(15) DEFAULT NULL,
  `position` varchar(25) NOT NULL
) ENGINE=InnoDB DEFAULT CHARSET=utf8mb4;

--
-- Dumping data for table `employee`
--

INSERT INTO `employee` (`emp_id`, `first_n`, `middle_n`, `last_n`, `position`) VALUES
(1, 'Lo', 'Zhan', 'Preston', 'training supervisor'),
(2, 'Abu', 'bin', 'Ahmad', 'general worker'),
(3, 'Chin', 'Qing', 'Qing', 'assistant supervisor'),
(4, 'Kelvin', '', 'Song', 'training supervisor'),
(5, 'David', '', 'Chu', 'edp clerk'),
(6, 'Lily', '', 'Tee', 'supervisor'),
(7, 'Nurshafikah', 'binti', 'Sulaiman', 'assistant supervisor'),
(8, 'Choo', 'Wei', 'Jun', 'general worker'),
(9, 'Jason', '', 'Wu', 'general worker'),
(10, 'Ramesh', '', 'Armaan', 'edp clerk');

-- --------------------------------------------------------

--
-- Table structure for table `flag`
--

DROP TABLE IF EXISTS `flag`;
CREATE TABLE `flag` (
  `no` int(255) UNSIGNED NOT NULL,
  `date` date NOT NULL COMMENT 'date for the flag',
  `emp_id` int(10) NOT NULL COMMENT 'employee id',
  `shift` varchar(10) NOT NULL COMMENT 'morning/afternoon/full day shift'
) ENGINE=InnoDB DEFAULT CHARSET=utf8mb4;

--
-- Dumping data for table `flag`
--

INSERT INTO `flag` (`no`, `date`, `emp_id`, `shift`) VALUES
(1, '2021-06-27', 1, 'Full'),
(2, '2021-07-08', 1, 'Full'),
(3, '2021-07-01', 1, 'Full'),
(4, '2021-07-01', 2, 'Morning'),
(5, '2021-07-01', 6, 'Afternoon'),
(6, '2021-07-02', 1, 'Morning'),
(7, '2021-07-02', 7, 'Full'),
(8, '2021-07-02', 10, 'Afternoon'),
(9, '2021-07-03', 6, 'Full'),
(10, '2021-07-03', 8, 'Full'),
(11, '2021-07-03', 9, 'Morning'),
(12, '2021-07-04', 4, 'Afternoon'),
(13, '2021-07-04', 3, 'Morning'),
(14, '2021-07-04', 7, 'Full'),
(15, '2021-07-05', 3, 'Morning'),
(16, '2021-07-05', 2, 'Morning'),
(17, '2021-07-05', 1, 'Full'),
(18, '2021-07-05', 8, 'Afternoon'),
(19, '2021-07-06', 10, 'Afternoon'),
(20, '2021-07-06', 6, 'Full'),
(21, '2021-07-06', 8, 'Full'),
(22, '2021-07-07', 1, 'Afternoon'),
(23, '2021-07-07', 2, 'Morning'),
(24, '2021-07-07', 6, 'Full'),
(25, '2021-07-07', 7, 'Full'),
(26, '2021-07-07', 9, 'Afternoon'),
(27, '2021-07-08', 6, 'Morning'),
(28, '2021-07-08', 4, 'Afternoon'),
(29, '2021-07-09', 8, 'Morning'),
(30, '2021-07-09', 1, 'Afternoon'),
(31, '2021-07-09', 4, 'Full'),
(32, '2021-07-10', 7, 'Morning'),
(33, '2021-07-10', 2, 'Full'),
(34, '2021-07-10', 5, 'Afternoon'),
(35, '2021-07-11', 5, 'Morning'),
(36, '2021-07-11', 4, 'Full'),
(37, '2021-07-11', 7, 'Full'),
(38, '2021-07-12', 1, 'Full'),
(39, '2021-07-12', 2, 'Afternoon'),
(40, '2021-07-12', 8, 'Full'),
(41, '2021-07-13', 10, 'Full'),
(42, '2021-07-13', 9, 'Afternoon'),
(43, '2021-07-13', 8, 'Morning'),
(44, '2021-07-14', 7, 'Full'),
(45, '2021-07-14', 6, 'Afternoon'),
(46, '2021-07-14', 5, 'Morning');

-- --------------------------------------------------------

--
-- Table structure for table `image`
--

DROP TABLE IF EXISTS `image`;
CREATE TABLE `image` (
  `emp_id` int(10) DEFAULT NULL,
  `image` blob DEFAULT NULL
) ENGINE=InnoDB DEFAULT CHARSET=utf8mb4;

--
-- Dumping data for table `image`
--

INSERT INTO `image` (`emp_id`, `image`) VALUES
(1, 0x89504e470d0a1a0a0000000d49484452000000c0000000c0080000000077b733db000020004944415478017cc109d36d6979def7ff75dfcf5a7beff74c3dd1cdd0cc885908ecc489ec4aa5629793aa7c857cba54a5ca34a016cd24242c8122cbb1262661900488a1a1a1bbcfe973ce3bedbdd77a9efbca3edd4894ca2aff7efa12c820810b2189131b13359cf5cb1f3dffd3dd7c5cb60b27b6798328218c85316f1060de20de2010028444860829225accbbe89a9b2288698a5128cca1c6723cac7dadc21531f55cbd0bbfe3a9fdd31fd864dc8979921502f4258c250c32128f18647bad6c7aedc77ff2171265539cd896846dc41b8cb1c43f30bf223012989008a3cc909510ad8ddb3bf5319de5702877bb7594e391c3fefa7aedcbe8ddb642b6942dd65bbfb57fcfbbbd6bfd564e797dab0cfa2260c9804a48805c48905dfbab5f7ce5af04944fc018906cf36be64418f188f915819138d1231019219422369bb61531ddb8793e06689e731419c1b41caecff7ebeabeda4602294363fbfe67fcbe9b3a2b9ddd8ab521a12ff22b160609c9360206ebf5cfbef3c70f675c0617c69c086cc0e211f38830e211f30f6490004901225a08138ad8eee654dbce9bed588ea5b6999742893cafe3f8f072ed7d59ca27221492a21effa8dff6a6e9562c6777c22315a12f081930af134806d9a3221e5c7debabbf3c3bda05b8b02d64810d583c52489c18c489f907324820220452a4502b45c6663bb736df4842eb5a394d6d9502dbd9191717cbe887432f97e55448caf2b3efda3dfdf47426765b4184f40509634eacc046b204638c49f7beffe77f5949d902866d908c6c237ea590c09c0830ff4060242422842324a1e66899f37c1639ef9a659732547386aa6375f9fa7cdfe3fa7aed5596438a50cdc5c7ee3cfe743bbbb3b4271c1581be88b079c40ad946e2a4aa7addfbc2b7f6d15546e0810de2111b99ff8630bf26309208529225a110d1729a37d95acebbb4c2e53665658646b76388c3e5f531f6d7cbdacb2a112763a2bfe7c3677a4acf389e1a58275f1414163295615b88931ab5deffd6977fb1b31858b830067162f36b326f10182cde2064100a521202144dda4e6a67bb5c5a9b36610daaa6dd844ea831c2c9fea41f0fcbba0c1b50a42cb7db1f7e6a7af2f8d6dbfd6c5361425f02ca2099d1021b9542ee6b5f7ef03b3f99630906965dfc9acdaf0963810063c41b840c9282948430ca49dc982b6f9eb555157353f629344d1a739141efa5acebfd7ebfaecbba2cbd0aa408d52471fbc3ef5d96b7be635f4faa55495f004a019892226cd6cd425e6cf7bffccf7fd8e22017188c6c84cdaf98d739007322b00502238141a98448614cb6c46d3b47db4e1639a5f2448a9664a1701ffb79761ffbf3e33a5ef5b264371019350df1d86f3e5b7aecd9514f5502fa021849060d13890bab7cd1f8e6675e9b8f0cf388410532e657cceb1c605e271b04c2483ca224a51076404c19dab6506e2605ad49d95a48d1328c90abd69694af1f5e57dd5ffa7ea8300a45103e7bff7b6e9e9f7d54d79bb349585fc00e2183aa1c19556d0d9d1f772f7de52bb7db3e86c19c581618f32be67516bf6610af93c449284e84ed86a2b5161b1139b5cc9802a62925a26558816d0d8c74fd60398ef572bd1cb88cd0448a7cf3079f3e9fdffec4c8ed16a12f604b02836c85eca88a57335ef82f57612fe1027322cb80cd3f61f1060bcc89004948480aa530d050ce53cae43c4564b449d63c3521650b42d8c255561ccef5603f3f3c5ebabbcc496322387bef878eca776fcfb491d017b051c8278138d1885af7face7f78f5c90b7b60f38f0c987fcae20d06041602429042210444443ae6b9a9cad33c299236a9729e1a8ac84c21b06060d4afdbfd07bae887e558c321ac986a126ffab779e5773cbef11992be802d05b671085b1ac979bcfa1fbe33d359e77d80794406cc3f32afb33811601027424842290815283223c9794a4656b68c6c8a146d6e56b4ccd60c0664878d8f5e5ebbb8ae7ebe8e51294c86e6a8f95fbfefb5baf51bedf271247d1e1cc2062c096362bd7af8175f72bb9ad631ed5bf13a61c0fc23f33a8b470406c9880049a110273279a2682d93702814ad3505e43ca99453666b80cb115678c5eb12e70f8fd7fd621c7b85540a4f93a2def1bfad177acf9b2f6f28a4cf01816d248144d9f920bef5a517cf0e8aab6919f3e075c260c0fc1316af1358024b61148a90b049abb50c699ac2448c1611d39cc69ee60929a754cb0c8deecc906aa95abb0e87f517bd1f0eeb9054e171d63cf73bffeeceabe4ff389714fa1c270223c6546e1ec9fee2f8d5ffe8698c3265833871f1cf3088d7594842b295218948db11a19c126b9372393323a4a9050a293327176d9e322483c21175e8d18e550faff60febb0ec8b134b394d8cedfff2aefdbddd079f70d1f40210025b8456378facfdf937fff4fb3719a34c99136128fe1906f13a0ba1132b03a3880485262285b4918442a9203283885464a68b9c5acc0a4ee4082f5dd9bbae1fdc3b9f2f96430923116d0ab7b77ee2ce457fd75b89903e67dc005b4475358fbc1a779fffce72731f553665f13a9b7f86419c1802a15fa952b6c8901429058a0c2933e4444404ca96a15082b3a5361102148a1aabd5ae8be3abf77471bcee0804e43445ebfffafd87876f7adf9827f4394cc3c6e022a306d7e3bbbff3ea9457e9b22904e6c4fc7718422748325899534488902224b52c45b6906529025a4e292002654b6d141244121eebf07c5852e7af5c1ff6974b2121a37933f7e523ff82f3db1fe89b197d1e081b1b8a488faae3abbfff5f68a35c6530c260fefb2ca49438198ad6229b240814194466293214809488295b605048d99ab6122823aca8dead3c2eb5bfffda72b85aca88134dbbed92377efba97d7b9fda14fa3c423e0143c862f9e55fffc12bbbb166950d5860f3df32885f91414a0970b5796e840422141152488a148ab01581628e04a30c88d6b495205a80921a66bebaf678f8cb87cb6154d942d6b4dbaa5dfdcb0f8fc35b9ea2357d4e0a5c0518d26efdf2db5ffdfb9a0f5dd8e644c6e69f25f3884010849014b4b905b22123b2498e9023242b02081c3985408a26ac36694b10ca9023c2069dafb9eeeffdfc785847154290db6de4f55bffa7b3abdd07c8592f482157010ec7a8bcbefbf5cf5beeb1ca36c2c236ff2c19102060b290521b22c3a1326ad9b28123652150282c5cd12609293364479b352b1552c84a192af6d52fd47fb4bf3a2cc31282d86c724eff9b6716dec7b4d1e7c160841da375c7d55f7f6a7f0c2fc4900da86c4e04068c8a3784c02064bd215b93339023624cb3b032748294652283b42d652285429e44a9cd91b41648442064388c3e5d5ebc7cef92b10c90c24cf3b4ad7cf6b7cd9be2f64e9f13d81870310ffa4bffdfd7d60a2fc6c29cd8e6d70ce67521d9202b6c221491ad05434aa5346582152129102aa4080213ca008504196922d8902da55008213bfa187e70ffe2fe79ef1e238880364d67a127fed5d41e9b6f6ef43904b6c1b69ae3fc7b7ff87dc3188525302e84f93523c0080c1208dc6256462859a345cb508424928a9081004580d049864042644e2ae1a66c9919924c8023570ef7efedcf2ff6abc61a84e4ccdd6ef2d9c7efcc4fdcd8482f08611b700c053fffc6d7ce3d46c776204c19818d7843498011c60ac922a2654606ce704e914a95082928053634a41016212994482150368800f275928c82a01d737f7eefe2e2727facd10349966e4f93a78f3c7df6a6c75ad70b086c13d83df3f0edbffcb6bdae8601123606d906244e4a923911a04456b4d662640b9c13ad85890883c02161844448b21548a166458618192852e138c946c84490e4b11d2e5ebb7fb15faf8e552085ac1bd3c67ee7bb9e7cfc4dd3aa17383126ece1c6cb5ffbd6cb59d5b1871060f3888d9039b184912c852340d1da94e148b9628e4cd911614be090ac931221619d20a95999297a060aa959118a9621a4c452d7f2e0fec5e561bdba2e0f421922ce763e3efe1befbefdf4b6eb05b078c41e11977ffbe51f512e3c0a04187362c4897924c048448a109e362dd562028da1a9a1d7614348bc2e24a3c03409a1082b5ac84e4184920811d932500847692caf9d5f5d5e5d1f971a839022e4dd46bdbdf7fd4f3e7dd3fa9c71806c97dbf8e537be7cf7b1a38b5a4983c1c818c489012bb0a5c8cc4010dbb3266734438d98a21c991055658502db286414e049424484890c20b0b229881011cad409193d9771efe2fceafc7ca19640a094a69c546f7fdf334f3f1e7ac1a0a03bc2793d7ef8c77fa95ced2a592561837944a80a499022da942342cc9bb9496522327059699042c24534ccb023c00a092914845cf188641452042144b4205b20c5c8deab967bafecaf1e9aabb42194a1b1cda9a68fbeffce5b429f050405b8fac5b7bff622d9cdb02c23dbfc234b18a16c19d95a4f49d33ccd9c484848b6ca88106113a1c24508ac9008556664ca0a85844188209088a68c0829c2d1ab8fe5fe8b75fd70f551061411ac9bb6a97cff276e3e3de9b3200ab075d4cbffef9f54d17dc2eb6c237ea522283233a606394d11644e2108045164aa86c1960861427641082c89909c2d228316926c4018494841539314912a95d6be5cbe1897e78765548150486b6bbb8ab7ffab9b4fedf40246436290d7fed9ef7dfdacaf856d84b1b1f847c2c4d45a4c9347ce37158a4c0f149ce420533502ca20850a44190921048168a988504b050512060989502a51444a50b12c63ffb37eef78b8d61a0209c5c8dc563cfdb1279fbea3cfbb504935a25d5ffef04b3f99c68a2910853991799d80504e39c53ce379ce94227029b02519242c6c8322554614085020a3c0d9223325a50408b085a44029149121370fadc73abef4f0d5d1f7d10548488e6cb4dbef7dc7b34fe9f3b6055411c797befdd573d5301448c380a00402a4682d9a7639b5d0dc46ea04235196026324038542491961c04821010199912d446620047619420a144891117250eaab0f77efde5b9723a3b04ea820429bed331f7ef7337a81d7953dc6f2a3fff4ad1e2bb679a4b0001b2121b529b34db9991bca841012b66483023027021351e1420263a39042e824a40cd1b28590c02e834242124ac54985d587af5f79787d71be8c0a1b29b04ccb79baf589f7bc59bf2ba9549697c3e1efbff223cf7b301864836c8384449ba68cb69d6293d6a422c30807463246c82e85b022865c48c8941d8922240152a63c650b2109532024214184c89664b1f671f1cad1775fad6e97098550576b1b9dfdcbf7bc559fc38c8c35b8885ffce937ef3b576330270603514a9c2deb6c33e61bd932302dbb840283e45260238f4a6145a6aa0f45085c458484c44906ca96ca50a42c158d926c0472a6c8791aa165e9e5178fc78b7b7b77194b0136cacce9df7cec4c9fc5400c2fbdbefe173f3c10c3369813830109650b359d6d69b3a6080f4b0e1161a7251564195cb65428d3aa2232c0652421091c2993192da4c85468907214b2104d4291995583715c2eaeaf2fef9fafb641273e89c8983ffe8177ea778158255d4f77fff89baf50940d183b305828ac799b6e9bdd2c5aa6ab0a6984a4906552d893cbd8066c455851269bade244488109c98e8816a1cc94a348394e2cc90984221478f475393f3e7c783c5c2d3642c2761119d347def9513d2f94c78ab69fbff3677f7d9e2b1a32c654c860a188699e9bf26c1b8cdcf4f5b83a329c6122a34081088c8c135c8414e1720853484e42c2481885d45a864e02928ac804015228426ae9beaeebf1deddeefb176d5f4848e52ac7c927def29b7a5e28c6185ae34fbef9b787698de8583676f088409bdd1c6d8acd94512358ae0f2352995115ad05148a003de2865c484d32b66517922607b221640538a7140a451172d29a0c64a65064b3236a7f7db97beda78776fdb086254be5aa52041f7ff6a3fa5da11eb5f4e85ff9cb9f8f79882ecb36953c1296763767da369553abfd21fbb2582853556a196214194d8a908484919a21a80a5c25c564848d230851560464a64665c44464a3d0944d109142aef57875b83e9edfab9bbfe82559b2c73021def51b1fd767c15da3aaddfdf2371e2a4c958c4f08b00419db9bdb6c53ab16eb385ebaaa04cc01c815c130a19d1419424a598ab0915c0a6a383230184aa1500d876ca26594536d62e426ba5a666b19925ad65af6abc7e5787ee57865191244798c22825b1ffa177ade76ae4b53fee085ef1f4356a98c1f49b004ad6d76bbed4430f7fb8b0f6997c0292be9ab520ee133a48c54464a44a46dc064b897228c0df40889311c4195f2ba49a9c8cd9a67b96a9a739a372d68d830d6f3657f7ee5c3fdbe7409b26a8c2214f1a18fea7780387ad2fa8de7efda80297001b624223779767baad8545bee5fe12e6c1402845d8524a3a9724eb79d1e89084258142dc6e8c45415e1412c2599f0a82ab7e95a6258683387227c7b53db37d52e5b0f568d8bf6e0727f382e1787b52314ae1aa350eb1f78bf7e073c7a86aebef6fb071b8c8d4f904152e4bcd99dcd216dafceaf4719288314c6540d20308a983739d4e6c8902214322157502ed4aa0886c71860d3cbb5ae8e169906a7d03c67edee8cdcddbab35d6777aaeaeaf270385c1ff687650122ca3546a14dbdfdfdfaacedb5267cef77feca6590c12e8c8c8472cab31bd3bcd53a9d9f778f61950d218c5da364c489da6e16669b5340468650482bc61650a5a8be7a0c33c65e111e8e255a6b2e9f95356f26b68f451e6f3c76163718d372adfdfe6a592e2efbfe782c88e6e13e4a8af6c487f47c95c36d8c17ff9f9fb88cc0e0328fe8649af3c6594ebbe887757fecae6183086c70555120406dce48d15a4b94d12224052b18c3904b3996415f8bd1bbc1e5188a6cb85a4e8a6c79b6ddb64beedc7ed3368ad1e37075ff58e7e7753cec07b464d418438cb3b30fe9791b9c63f9f6a71e8c02646c634084a4cd74b6ddb4988387ebe1d891ba410803f628dbc8963294ad39b34544464646204a7295a9a0a47128af4ba93af50811461182b66942ba1137553c7673bb7b623e76afcbfec1753fbf667fb81e285363f451b26ec47bf5bb05a5f0833ffaa3c32823a0b0391121e576de4d9b4dcbd4ddc3125e46943931e2a4863d6cd98442d99216a98ccc5066a018528d516450aeb18cb1f6928731066c2b22d588a9c9b56e1e5b3779363dc3e37782e3fd31f65757172b97fbeb8e22638cde2dcfbb7a9b3e5528a57af1337f53dd4660637322914cdbcd3c6db77352e7bd721c8e05066c9070d9a36c17e9885044534664281519ca1c76d51835836bd4e8bddb6561d7306e48f1c8a0b54075e396e7c6eeed07768fedfae1bcaf571787be5cecaf8751a4fbe88636f3a43e63c931faf7ffef7b748cc036e6444130ed36bb69decc6d3daad5f5a1aa7783b08b0861bb57b9caad1341662832434c8ec868cd630c6a8c66a801eb5a6238bacb0ec911a147088969aacdbc69b3df7c79366d1fcfd11eec0fd7d7633ddfefaf3b26d2a30f0b5adcd17343391d36fedaf387a56c2428c0846414f38dddd9666a8dee157b5dd6eab66cc90e21ecd1ed6ec0482129e3842922a450d8658f61c955a60f06944fca64d04211a2ac69d35cd9da6e6c6f3dbe346f6ecf59e7fbabc3b2767ebe3fae6344ca1e0544cbd0a78bb0b7fb2f7c7154192428c09228b26d6e6ca7b94d1bf54155f5b557af12966c1419ead55da3b4ca48211491214d8a1021e1b2ab8cb1cb3528ab70b97053b654840cca166273b6fae67b7647b7d17691d52f2f8eebf17a796d7f5c7b57a419652165ea33466bcc779fff537b1824513c22d9e4667b366fb65326c3adafa32fdd1e8540c2282286cb35aa56032981e2444d294b22a8c24595a16c17c672951d11ad65103823842262e33c7b765b318fdca8795c9def8f87ebc3d561df975e1130ca1034f41903e2c79ff9db1a032344891321d3e6dd6e9e6f6ee422475fc7ba0c540596040821f078c45827202943a99091225436ae2a1b53b601b9ca8a8cd652c8ce4ca1506b9bdb6cb6b7721e31911c8f971757c73e5e3b5c2f4b2f26a83228a6aecf184f5abff1995fd28d4106843891723a3bdbe4d91cc2793d6aac4b05765111055208246aac0397850944462808d9414694310bae421a36086c131991d9846c450b096a339de9c63c3f3375e5a0fa7af970df6bdcbfbe3a2ca39cc2a390d5ba3e634c1ebffaf987191d9bd709811d91f38d9bdb4d536e5847f5aae538423e1904b615212454a39b6130424a8582c0880c195c2bd480f089001b65869c2d24399419e0d6b4d5cdcdf6e6c6994571bc3c5fc772385e3ebc5eca25c9632059e853b287aebef8c7878ceee25724b089dcddba39df0ac7ec636fc7d5e3d8c95eb886c3460a0993e18e5f0792927484002924a3aa8e4f005302031129c8904235292243dec059c57c7b73a3cd59c1582e2f8febb25fcfef5dac784c218fb244a59e1315eb83dffdfaea474060505016e4d9ed1bd3760ea2ba6bbf48bde3a54bb5f650440a5cc53431c2af034249100a810881a8e1b2c12553bc2152a24580542d42992d22d8b839df7673d3d483a5f60f2f97b1fafeab0fbbdc33e4519673843ed991f3a7cffffdf984cb884742b6a9f47ce3f62d3653a3caaef3ab68357c091e453884a09a55844ec0969022b043190a852561bbdbe02a5c654b1521ab854ea225b6b2b5c88c29714c6f7ee2b69792c6f1f0f0bed5f79777ef1f8c351535c29e4b7aae508d1f7cf667fbec514620906c4cbacd371edbcc538ee5705c9751f4d55a906dd404c84e644b0a05d83449482165281518dbb05649b8561b618bc0a424947393ad7ca44d9b6954dbeae69d6d12d1d7c3c33a3ff6e5f0d26b8cde7a0397a39aa54f97a21fbef7b95f76ad51204e246c28b1699c4d047d5dfa50997438080bb06c8391302824b0689132a988504464dae532ae31e451c323240f0465682e684d5b4564b669e76937d9c174f3f62e33af6b3dbff5cb8ba51f7efccaa61fb7a130bdcf238d3e8db41ebefb855f14ab0a0201b20d51edf1edd5b20e18854e22362d465816f622dbd848b251b88c12650b596c430a650a4aa3aa18c3358a3170b86c24c36420850920b3b73bcf3c3ed9bbd8ecb611e4383c68f72e0eedf2c557a3fabcd444d43a29a2f469cba37ff7f77e3a5c657402c2654eb66fd93e38dfcba22ce5d92e2c8f5e362e7764a0144296c2c30ec9ca1612935ad0b245198daa55556394fba881323cc8108a96198941eedda2c660be71f6d8cdc76fdf68b5a6fbfeb0eccf0f0f1e5e1e1dd546aad7a8a6adf5297b787ceff77f5c83010a09815d66c4d9d3f1daf5882aa4d6e64d131eebea51b64b60c0844019619b1315112d839c22b2b52c5ba3caeecbba8e525164cb5c47842d4d998aaa443014d9b41e9765f5346d6edeb9d976f32e8ffdee4bcb798d6bf2d84aedd06e2de3b0497ddabdc7f1db7ff8a2bacba1103aa1861dda3e51f716314a396de6c9b634168faa0236357a8191704c9936278e1aa568b169932232ad935a7bacc765758d0d4821e9b80a97e34472a589c8ccdb9b468ccbf387c311546d764f3ef5b6b8f7d2cbcba0176b29b6eb33bfe5577e7455fa4cf565bafafa1ffd625e46110a8950b8aa6cb64ff0da42a1cc68d9a656eb6af75165498ff765596d8764726ae161859047ef64cc6d4244aa4d2dfa715997a36392674bc118cb71551a2aa2b596aca39b886c776e4fdbcdd8ebdeabfb2ae56073e713f1f0b597eb30b2af82755adef3bfb7f9cf7e78a9cfd418bef8e61fff7c5abb048a505ab8ca1af1f6fee0322ab53c1eb175a8afe5eac3c2316da9e361895c33cd74b6edcb704cd98dd48faba99caab79d9aaae4d147b669d78eee9e38aeae5165895ca7e4c62d1d97fdea26fbb1273676db78eedf3dd7b4409cbdeb06cb4f38d857111c37d3e5c7fefdbe5efdfbbfd1a73cc658feeb1fbc442f07284e1c50e5b179533bdcb53b7d7e672e5d72ada3184560620ad6e3522a49316f67af654dd32813b52e639870b54dc86b856c76bb0c56955997ae18a30a113525b71f0b2fd757073293dc9e6d9bc6cd835f7a703d87f3c607dac53ddd3d5bf7b15811e8131ff9c1bd4d7f51cf7954d7f75e786531832022252455d1f5feddf94faf35b13cf111ae2e7a99bec02825a388082feb5a829ce696745bd35494c57a5c87919cd9f03a2447deba15ab076239ac8eac3e6c2165c5634fa67cbcb85c241c9bddae65e37abbfe64d92d963eb2592e5e3b9e9d1fce8ea5e6b1f9e0ed6feddf7ce3653d67d7e0bb9f7a78540d82880c81284be323cf5ebcfc8383db78db47d6fdf9e8156351ace5600c5ba1b1ae23504e538b31c06d22abecf5703410e04972616b776ba76e2a6b7f5d481e5508823e3df94414fd7abf989153539b37eb59163f7d9893151fcbf3bbcb5b2f5f1a3215563ede5eda3c36dfd773365ebffdc9fd12ab5144a412f020fae6134ff4e30fee5e14effd8de37ab5ac1683ec63d855ee208f5128325bca43544e0ad16bddef85074125c284eab15b41d852bfde1715aea29025b64fdcc463398e085807536b2db67dd2fc9da5a616ef9dc772ebc9577f7cb938066ab03193567dd25887ef3c77b9c62214a98c095c8358cefe67b5abfde1c5bbf1c1f71dfbd5f55aa8d018bdcaf6b0c1c5502a2283112a3529a257df5fc9e568498eaa1a11f5d42dab0d07eb717195ec6298ca88ed8d365a8d6a4de56525a3b5db674f3d7e8b2fff78d317defcf493b76ebe7af8c9cb3ae69002a65622f4491bafdf7ffe95432ea08c484d12d52d1efb1f7a9e4fd3f7ff76fad0bbfa72751863185c1e55b687b170152812c98a52a2c4aeab4b5bad4d9959b01e56fce40da506768d51655be5b223c5d4f044e6d4e885546ef3534fbc6b9b77ffd3df5d73f6ce773f7b33ae5ebcfee92fa2bb2c2221b3a4e7ca2efff4733fbeca31504664a452a317e35d1f5a46d4b8fff5cd87ded68f87c3e8abe581a8b26bb58072d98a345119269d8155970f459b9b88c8cddc2fae3a8fedb2b9b297dd7b5104767993552d1419193935b21c68da3cfef4cdb78cf1fb7fdedff99b1f162bfbf1931fdc3dc6e2ae68cd8ca9a4e76cc22fffe1571d55e59c2262c31487235a3ef1664be3b8fc59bcf3ddd375bf3a2e0555419dd8a357c8300c5248b242c811ebe178ac1c1bedfa6c76aab65e2edcd8397745f52a97e9b840ca94c3396b6a2d9ddbec535b34c513efd8de89ebaffef9fc7fbd751c57c6e27bdffb51a9f755bbc923baa2eb390f7b7aed2fbe7ce9a2882922d4661f3ba58f3d63ecbefed578f3077b5fc6f138aa0ad92edba31b95b18522543a01397d38acc3c5365a6c9c583a5e8fd84c7d73dbc5a872d9651b4484d4888939434c3b34a93633efb91337e2ea0fbff1d1ff752bf51ac77af0377f778cee91fdd666bf06eafab4c7a8cdc3ef7dfee70a9763ca8898a67eecac373ffc946b88f5bb0f9ef8adbdd6b11c7b203b6a2d0000200049444154191506cc52d835cc498464853831ebf5a1b0d94c6337d7b6e3e5d8fbb469d7d363b35d9487cb271226a409a7b669e5bcd53cbbddded5b3316f74f907dfff77ef5d379bb5aaf7ab1f7ee7c1b4c6f5dcde7cb85499ae4f5335a6eb1ffddeb7a35539a64c4d6deefb95f5adefbd6d77e9f8b39fdcfef812e3b82e6b5584410296c21ec31874921258723f5c2e603cdfee674da9b63c387a8d9bdb8be3ad5bb34c558d41d9211721da70e42e9dd3347b3ba9ddbe11b7db638d07bfff8b7fff967ea31d06a3af2f7dfd17d31afbcd53cffef4725a70d7273156fde24fbe76944cb496b498392cf8dd6f3fb3d662b9f8ce8d0fe7d0b12f6b2f1420095683c7301824cdc246e1e5f26ae0aeda3e33edb21d63db5fb9dfabdfbc7375b1bb7d36638f1aa3ca089b26e86ef39c4c53aa4d53b4f96c77b6794ad32f7feff2ff7c925dad9d6371ef2f7fd4d631cf6f79fa6ff735e4a14fda8a1a77bff9d55704569b9249b30f07f8c0db66abf7f2f856bcf7e6a2a5af639813214137f2280a2485121b877c7579b44797b6cfdcde685e6a93f77e7645b5277c95376f4ec25563549501ab490c4d6d524c099b9ce62976b763fb98ce7efc95f67f9c795b516331175fffaf1a2377efbefd5ff7d1555dcf198bfde5dffcd95f3763b52999dbb45eadd487df360ff5de33be73f9dec7975ac73005e644d03919a8405208db208f8babce188eedf6c65393528e3cbefcca51f5c4f6aa6edd09048c31ea04a41089266544338d9c36bb986fc5adb3dc7deb3f3ffbdb59674e8fae7ef8d6377b8ee5a9776f7ff4eabcba163da7aa9aaef8bb6ffe51ca8e9c9369db0e57d6fae167379dd13bf177afbcfff1b1560dbbca019813239730460a958df0f0f975b156e8ce96374f0a4da34fd73f7b59fd4d37ce973b6fb2c2528de131ca92654d52232373c44ce67c2372b77b621bf127dffcf827a49b0ba38696e53b5f5f278f773c3e5dfe70558d559fc2e57570f7ebfff122c223e7cda489e3b15b1f7ca7c31acb98eefee8b1772e55d58783510a71624e5c1604a5e881a1c67231ea405b6fdcdaddda32b752aa9fbf76f9c07e968be99d256c5cd3e8a3ca46a190b421a4ff9f25387db6ec3eafc3bcd67a7f7bef73eed0b7073406020d92e024d21c22d2a2078951e44a551c3bf914972ae5722aff56bea552c420d156ec88b26545a214491c240e2009102026a23136d00d74a3bbefed7bcfd9fbf7be2ba7253d8f42e438b636365dd1b93b7ffefe6f3eee18a2b22fcef9c59fcdade38973c6fb37a2b60bff3daaca99272fffc93bc12ab6698ae6ed36812f3d562c54dff905bf98b500cc6e8af83b3641d8cd3b0502050a396f4fce8ae4e1b9f5ba79683160866f7f78f36ccc2ba5f53e6110c5ea86ed1a1aca6a20c590c8a1b5368eeb0bd3b95f7e7fffb7ce3904e4769817bff2ec3d86af1cb07d70039e677e0be545aef9cdfff20a6c43aba985b7db24bef26867952b97f8d587578e5ace9d993126bc0310a008a8009bb4d30cd769dd3e69eeede1f3d3400fd182aeeacb731f1d9c7da6e5b84f0034aa0a84ed08d88c62e8ef3006b5f5b4b7b79a7ef2f327fe69ab214a751a4bfab51f1f23f0c8fe38dc78afd53cf3f7514ea8cd6ffcd14bbd4c60b58ef0765bc4971fe9916594e7e5ade38f1fe5b613650aae3241801260100458ae329d7d736723687ae0fc20716444536ed3afdca8bcf4e83875c2a05dd8314097422e2142f7319adade3aa6078ebf7bfce54f0eb91a0a75d6e9fed24fee81b8b85e4f37af8d7d937c0636acc1effce14f7b9550d36a0c6fe702bff848a97ab1e776fdc16b171ede5b966e02040c903648023441bb88ca026bb871dc6b3ada8f738a21060c5324787cebe6c9bde4672f9f0230e904e53214bd10a24d4921362ad4d6ab617ae0b91f7fe6abd8abd5944bef7da8b3979f3f595aadf6f6d7c71fd47c0a3e631b04dadd6ffff55245bb0d7b817929e32b1f2bf45e551b60b97efcc0b960ef001692a048e33e1334e1a42b2d7af3c1cc5c5fdc1bf6d8a636606c4a6a397be3787bda0f9f68344c3acd7081325cc58822c5900686a4693c3abcfeff4dfff4a165af4d03b60b3be7cdaf7e79f74c5a9d3b1c8e3f9c37a7e4ef7907b2cefef46f6ea00c88878dcb92e5af3e96b9a4131b6eb1dc8e1cf7575cb68b4802641830ca8021a1e03298cb878b19abfdf160c2b48a294431ab4d6f5dbb7367b53cf4783a4d5681044024e1428820a950630b451b8efcecb5af3e3ac6746ea8c8599bbecd5f3d7fb73bf62f1ed4dd5bf36603fe9e51ac51fdeef75efc05cba4ea5c635fb2ea6b8fe5b2d83db9cd5e3c5db6dedf6f6011b0b163a0cacd550a966c30cfce4e56bdaff7c61547aed65a0fb58ab9d8cff2fd0fef3d9e1f5eba5c5940e56083b4613008070046081c868868d3abef7eea89cdc31c2eeb34b0e5bd25fdca4fee05301c1de4d9f1669ec1a7612803b1f9337fe78396ad726853ab9dfcca63333ca7ceaaca367adf6e3ac7691846dae08abdb7d11b933022923e3b3e4d82625bada7381893ab95287613952757ef7ee2b11bbf3c7fb4b72ca8390890c132482ba28872b4eddea861adfeda470f7f6e6f3e38b71a23cb7dd1f1e9fac517b6cbbc5a8e2ee57cfb5687f934762aacf9aff4fd575baa2a626c28547df689ec554bf6aa328ccaec69c43161c6d8d653d330e6065599bd7cea5a3a5a14a998a6f1701a200d6aa40927eebdbffdd88377df5ba4181a72b629f704422cb3a2b1384e87a5d570efddebd3838faf37eda89d1f22cb7dd66683e75e9e6771f580e06bb713e6d3205c91eccf0e3ffdbe52256068345d8f7e81cbc2655b3b065c00ec72b7b30a1e1a93aa193b44950b94c44e441b86d88bd5aa295a1443d92bcfeefafc616def1e9f705a8dd3300c04149d11287b5d68631027aa93ebb77870b0bf1fe37aac4b4d3672496fcf9ebd3a772ed303533b7d676b98cf00606a897c697cf1dbb61c852108c00f7ea9f519cbbc386dd085bfc3a4e8ec5dcc8e860444d9556512e500db3084d4d6aba9455329382fc6768b710c6e4e8e97659bf2b49eda6a7f35812288b3edd6aa799e379d6dd83b98cc71a5e9dc5a2cb07aba1fffe4cd5e5a968b8f8c6f7fb098e63380dba2a5e5ebc31b7f700239ba1404cc07ffd190734f2fd54d83a6ab202d0044788129e64288b08b5569128118c6b1696a43a80547843c27994b22e4d3ed66c932dc132d60c2a48882608a1c8600a28deb8656d3f9fd401590c87ef727ef24e66a0f5cd0abb709149f81d1e6e8437f5b1ffce15ba491120982973f3f60bb29657503a0892a48e532765445223b28c070115526cd1856e310fb11400c929a5c603a972e6fc77b774e31b05c56081609d29ecc3480265863c3aa3126c4fed44483f0b2dc7af67ad1fec42327f3afee2c80f90c0cf62187ed7b38f9ce4f01bbc41d042efcda0adba52b2b6d020580206690d8a92c4824ab5ce52ac99546638cd36a8cd111d23865343284d9ea1bd7d9ddcdd611d51d4180127754d5b23c043a83c561888836bad6e737e32810acdeaffde4982e7feecacd93174e95049f0691b9cab6b98eb3effd35cc3277020deb2faeb16462ae2a1350a505386a8712cb2e93cc82e84a5716a4a668d36a6a5a38c9c39e23d0c6f0895b9df5dcdcdbcc45532868908b3b0a5423ba19688682f03836686868ab95ca0961b9fad36d2bf891c77cf7fb6e5de0b70c941239bdddfa5fffe559a46c48c0380e9fbeb481efd9ce4200dd0620188401b06c10a52a93ae2cbbd7b49f8c716c74706c55e3ba91e35a6e4bcef3a6e7edec4b1a24280a845bd85010b029c1085160acb8ce80f657e81431df7bff97c7b5cafaf4e1dc7f726fa01bbf65a0d459c3bbc11f7ee7e6d8415824876978fc81257d66b88a022a0d816580204017768c32007baeb4866924d55ac0628bf2b01aa561dd103e3be955f3873d919daa001922409a9448db10658428b50a1c3a4aab892972e1f1cbbf1a2bca9fc4e1d5b73b588ddf2ad04cbabd87f1a53f7d75ac0c98010ee3faf283586aae020c02ce6263256c92b06cc08001d3854d764e07038392408729b88d31855653449cde4962f9e8f6222e881c0c369130cc1049b80036008a504bf8800d1a0650b4fa8d97df5d7b758f5f309fdd2e0d15fcfd32c1247433879b7ffe3da9134040c3b077f8c834f7ac0e1a3698a058c532489bd8316010a8c2266b58efc9920892b045b496eb86696f3d723e5e0c6edfbf93831d0e5b2d6019a6449028830140110223575e35841842b15e7be3d638e8945f8b97df1c36032af88c8962d13ceeaabff9f666a82e8b501bc6f5a3874baf2ab3500512340c9421d8f80726e12a6f2bd66b991009049c56b0455f87c7c3c375d5c936b3f1ceb5bb63206440415b2400d12460500018a18a21571ec360342173fdd3b7efed9f3b9ef9d9d35ff4c169067f9fe402b3302fd55ef8d6074d33215011c3fa63475ed22eda598068032c9b2450040da04020ab664cfb535598802dd8885008a330ed1fac8593d95dc1b7dfcd896c0624c2946093a6b04310008342601f02c16844b5f94777b6e385d3b3e1fcb5132d2d41f15b1017025558ca57fffd1b1c3764c092a6bd87ce3167950df722fe1e0b364958840d960154568f69dd60da2e0334141112c558af86a1b50ef471d207bfba39343490140992860150344810302442de87d0a008d8d3dbcf2f5dfb31b7fcc8394ba0f80c4080c88a4567effca757fa7a0b89a6b8debb7c10b90ddb702fc20601d0288084883268175159358ead8995ae3200532d24c298f69a8583a129f70e7dfcf29b31563490940414089b0800dc816d292372f438881134d05e7fe3b48ea4acdbba936153c1dfb321c070f6866bffef0f94d12b08ac56d0f4199db1d365976dec1040950941125c40655aac02875195744feea8a008d88806a8b561ddc6369d6bd15f7f91641b00ab11b609048b2241c24287aca01103d906414cbcfe8e161f96eaceed0a74360c7cc6400005f7def4c19fff5537d322308d7bc495694167790728fc832a832424d844665a701931b24abd1745b1c008da92000d83d00e633e7730f29d9741aa8980c8026148e00e888290905b301d63584d1271facefbb30f0fb6ba7bfbcc448d73884f0308d87075b6e3effde99da8b2080ced52db5e3c24b25c06e00260ec140a204d01a67aa60117cc601adbb276488801020418ad99196c47fb07d3cdd70c81113048134491219004d26227dd42650d01518d8ae3ab376befe26a39bd761b489a7daff8344103269c396e7ffa5fde1ed3251a4d970eb6ab0b0de82edb65fc031b36419300a89e59469906d8cba7468476480644182083f3146368a5f3fb276f16648400020244b82450a0cb6292460418a2026cd0f0ded5131e3da4cdad6bf786ea82b1069f26583488aa6af9ea1f3f3f56190414fb17a18bcd4cef645660c7806100846080b47ba6ed824164d65921826220785f00709657db7eb8d2d1b9bebf7dd7880c1212ad42b4a82c9212ca0e265906350c2a36418c76f583a5d60febe4eaed8ca5a21a6bc5a74100065849e57b7ffed7421a2018edd2e04b23d001bbaac2800d1bf71101e33ef74cef144c64e6624320074a2029db7de955e0e1fe78300dd3f221a10a000a1a556d6cce2225a1506281c9b4a629ca1ae4a6feca4d4f1c5bbede89c5511e73e2d384099b7492cbf1f7ff73326153820ea77ae800dd7601657a074681200819c44e56a50dc359cecc7281805a88f795ab2f99e458b5be703118fd6e63a4c0fbc02ab58001488261a180a4ad69548627d5848fde38c5be5477ae812e10cb18e433340c837201f3fca33fd82ae192048d931f3b8ad9550918b0ab50000812a40902e8556500cabe54cfb40d92928220c1caa51b72701886c355739eae10498986b0aa3244c09064abc43492540ccd7daf4fd1d779edf5c3acbdcb673f5950a6a1c8967c1a448928132edc7be1dbd7876e833ba356c3e573c35c0b540b025965c02c9396281245f44a904666f5ece9820d1202290220ca743a1a87698a212b9aa8625342450214ab4b60c820aa4c1634b4408d1808e9b50fe74147976ebce8b201d2ab1e7c1a80459409f5e5f4f5fffa66d10640f2dca57b7b17f633bb59bdc8aa3208940953081105741704b8ca593d9db029a3409060204b037d46a9b51621b571642d6c2a460900c54ade27d155306c4a0a7164106d79e566463ef0890f7fc88201517d149fc60e691ba8b61cbff59d57cb3b00e10b9ffa10878770d9e52cdb6588b6b1233308c33648d80567f52c942d549568838888360db96c97a2149ac6a671f46c848a01c250a05814a050a6c92a50a486d6c251e3ad97eec1db8ffde30ffe0c8601629827f21900266d837ddcde7dfffbcfcf2e1b20347df16e0eeb06b880ecb6ab28c206409648983048a20cbb57cf52d9749505dbe068c6fe7e549d6e41469b5a30a29226cc006146a0d411280d289ba8a244c53060a8567aebe572ce57fec507ff8f8d0208b6658fbf07c08061823e3e3df9f9df7c04d800217d69d9c47ab09c6676d86593044ce2ef982440d2e5a8caccb20d105504ec02d646db3f1811f73626d4a2d40446a591920366048be9706900e1aa72506cd1c401a39757ae22b35ff997b7feef6e1b266abd7994cfc0d8310830ef6defbcfc835b8b6d80f0f005dc1a8fc694335d29576187d81140dba01020615baeccb267100240b850c63adab85a293577000c7537b98dd98d244b0414340b422914cca5171ba816c4a061f4ed576e78c97af87fbef71fefb90c1331f0f37c1a300d9360d5b2bdfeda8fef1e7b073bfcccd1bbbab89f40f5b25d05c215842158b00d2a08103b76569617904030aa6c57ed47685835a46152648274b4ea80852469881001900ca12fdd6a568488b156c23baf9d55f6e5fcefe61fde28980457c3f0453e63183048429bb97ff0c68f6e1dbb6c03c3e6139f7c737be14202ee096dab28560d4481ac006c930248904065f52c9236822dcb7056acf7c608a7c4620c3a136c067b421032c83277448384e8de930a2842529bd7f66baf23ddcf0efe5dfba3b76c50e0eac09fe7efc3051b04e153e3fdabafbf74c6995a28f6c71e7f53876ddfa6cb5c7a514ecba060932048d09458862babca2c4680309159521bc6360692821902d324a80c2eddf41048060b8142b03c70dea28541458418503e7f1df3cc9efff6e1effe500973c0383efa187fcf066c103416fafdabafbdb0c5622610db4b9fbe7d6f78286094c19e0518f00e418292610b0cd19efdf78a1241165c09696ac3383567111045944980227b2f60344494459a1488be582c42520b49e6e6f91bf482deffcd277efcbdb45c43b4f5572ef36993b6410095e837debbfa8be3aa346cf5e109dfe6a78b7099e85536c842a619618ab02d4882abdba081ae100a4a57998a51c3b46aeed5d102226dc24000ee090ec921b2489384226aee16921015a101e0ede76e098bb3ffab2fbffa27db52d530f2e26f9fe7d3206c838097ac7efbf6d59fde2cf5a26dd5a561139f8268d8d95d2648542618020c802005b80c1bdce9945c603acb0a358de318286c721a28c93676585025447308902e04a046d6bc58d821250d24aeffe26ee4e2eabff58d5bffe1c4551a067ef29f9de7d3840d1330b2679e1dbff1c36bf3985d856ab53ff4e1d195487859eca2848acc8248c0000812b013b01111aa0261d89505068718c646224e96712546d82e902c0a0955c86a8d5510ac56e2b24d044890a2a4bafaea3d6537fa97feb5ffcf63e43285d75ffbe4253e0d9bb8cf8eed7659faf59f3d773c6189ae02ceafcfea814b2250f31c36239cac34491304604340a15880d4246482b8afca945a0c4330e47bf330896cb48b3b0061c3031343030c020adb995596402a88c0fcd29b33ab5bcb95df3df77fdc54f5c9f5d0d7cf5de653f8077431e7edac935ffef5870d198b1275f1a1e3bb871f6bb29d0b612b58651b2001a26c9344193442225d99061921ef68a78d839a72ee0a008d32084300e88204908408de97e5fb4050f7314f9fbb6ebb3296a37ff7f0fff5265443b62f7caa5de653160b3b2cf7d072eae357beff8e586da3653a3bfaf4e97bd3c78756066a818b4114500509761576049729b389ce5a2a5d6c6d0cba2c09314d2d82597015100d3b890630d0610dcc221acd906d5499ea2028895c8e7ff691ca956d99fef72bfff1c53e54c3de37f6eb013e65400659661f31cfdbe585bf79bba375700ed56f1cfeedeadc95d9d6c2ee2a4894ab0cd1c82c805144b221c85ae62c569a24184da8f288713d0cfbfbb3722e01a02ba26f0768185495044910906846c2e856b87a7218d8556fbdd0131d10eb7ffbe4777e382887f9817f7679daf0290004c03293b6e7b317befbae4b05a3ab7ee3d2cf37070f36105d595520197619829d593069c11a24d7322fbd588628748560d898d62da6f5c59e6c3517e0227359534db20d10240214cd481bbda040159a50dcbcf23ae00524fbef7efad9bf70b01d5cfedcc70eeff1290002e0029d90b6db5ffdc99b4a083d366df9c227de7e57e72e8900b6362011b00b04abf72ad00a3946552ecbd2b3685b20441206174e53c3303c10ab75db6cb0d8b0b314ad91a000f03e8bb054b6ab1706d2100af1d1cf3f08661272ff975f7cfd2f4267feca67b68f1c6df814e00060034ca2b6bcf99f5e208a28646c2ffffad98bf3c11580ac2d405004e032dc72c9ac22d11a23bcc99e651760037010b041736881686deffcd16ad9faac0c380b6c430bb8f1ef950580847732ab4920908cebcfde23678272fef3afdffca3794afde6c7370787e453300462c728f55adae97ffdab6a55a51ecef65bed27dbc38f57a73a6118f008571a66f5ac32803648356f2a41b80a044083b401506c6a1131ad8e2eaefbbc5de684edea6ed314d5208a0641830460c095428042d16f3e3f835b81447de977ea3fdf9abcfaea43e7fa78c0a70c903408a0ab2b71fa37df5ec6cc8a5446fec6c59f7d74f0d0508a2400031ceccc822bd3360cb4815e36dd05c26592302dd00641426d6c5c060ee7cfafb49aef9d2655b92c18f6c6182cd2f0009a840d98ac3208896e272f5fed568749e013ff53ffee3b832f7ff2e2274f7dc4a76d88300823631e2acf7efe07dbb630e972e4c73fffd6ebe3c1c570633728123432cbae9e05b0cca1552ddb2a837085041880510648986da03912d3ded1e161ddbbbd11ba9c85716f35012004892050051b6225094a35beffdc2defb048e3c17fb3f7e39fadcf7d79688f22577cda868882ec44db046a79ee3f6c3947157aab7ef08db35f908fb5aed66d9004e1cc02dc7bd9486b54f69cb300d288681408656502328c2667906d6ceb83c7627beb1e6aa921b2c7fede04400a9604c265b82c190410b4def8e94c774751e5f3ffebde2b3f1e0ffff932ed1d96f914812261485bc2e9eaaffcd1fb63cde3964b24f0f5075fbabe7a24b4ac16c02059805d2ef625edacaea6ea6964d9845bacdcf6da1059b96c4b0b32e58a6cc2baf1e2b949396f3695e521da304e2219024452ae85826d2087c8d5bcfaf0f9eb4e276146d5b97f7be9672f1cd43fbe3872e5e453008a8441956d20975f7dfb9d867998912ad73f7ae2ed5786078e225bc1459006ecaaea5985ead5295616ca366160da27c669a52a2f5b07994bce0b19ae55f361ecad47cc5b6fd303156daf3549b442205d8b89fb4c89ccf1f5573f422159a4ecf5fff289979f6dabaf5cd85f0d7dc327411469836415c37dbefa476f86662d28d8f9d86fdcf9711e5e5c5942d9100dc055ee59e9caac2a208d040894359d5369daa79df35c5a85e7653333e95c0fb5f67a7fddb65b2f05451b86295a308490b0938b0112f060b4cef9856b67300a250a88fff1d7af7e0f0f7dfe701d23163e0980a06d8265a9fafce61f5fc5b8758713f0b97f513ffc687578c42654192201bb6ce6d2b3aa9cdda81d8274b9da3ebbb5d7442fb355837bf60a13350d9e14e36a98b7525ac3b49e142144936050ee550009537438de7aed76563101518cfaed6fbcf15d5df9f4a1c726f34900020c0306845cfafb7ff6f2765c2ae1043cfef685e75e1bd78fa011e5a248c0c872cba567665539ed9e0645da430eaeca660d519dcdeab3095545b6e609c4deaa4aaa8a61b51e87168082ad0aadb9db45c1a53e18433efbe1197a3149811a977ff63b6ffd70f5c0630fe6a5ace29300881d0306e9deebf65f3effd19085ce025d5ffad25b3fc2780518689b22013bcbaeaaec9986cbd5bb4d8584be48110b0e22d83b07e6d986a86a4bb3c4318969654401c3308dc3348e34c0b18ae3805e3604572c4379bafde3938e0ea6008ae3f21bbf73f3d9a3e1c2a37bfb9de493b88f000cd870b74f7ef0dcfb91e5a40bcc87beb1f9debd7679af46022045d855e5ee72f52ab08caaec65460bf51cb49a7a1d4235f718a77e3a376eb779260168d5c020452ac66968e3b496010c305bb0ca06014895c4d5ab27c585ea0d966a9cbff63bfdc70f212e3f648cc127b143803090059771f727bf78377249d89d81d56feeffed0d1d3ec412088a825d552ef7aa34401b762e59566b5118b59ab208393dadd1b75ec5e9e972177265f48945b536101ca6a1ada6954c511448b8608362ad36cbb879fee4b8d885de584dbdcd5ffb9df1075786edeaca84287e936051b08142226aaefe8b975ee2aca5d2b063faf2236ffd68af2e1dc13556edf548d365a42bcb364c8558db65b119628c63d06e0af76a23aa9b74ded964ab4d97e40a691c826eebb5f681712247bac0707500a468471f5ffb65ef72b11874b51a962ffe0ff1c24596c6c7c7a5f32900490206c074d4e2fece8b3f42f57b91057b983ef685bbdf8b1a0ece859b6b4c25812a94cb65380c12ae24fab6470387b1c935289cd98636cf1ca22f77dc17cbb942562046eeb469d5f6c8368506c3209d0518244f19eb3baf5eeb74594680a51ab7bff6af8657f7563df8c01ae653308a004c4055ca44ffe8c5bf3c8132b35c1ca673ff447f7632e6de85b54187c306abb0c0c60e4d905515d13733c2500cb20705b2a2c5b260502d4bf62caed7ac25d139ca9686695c35c73484ba44a1aa6018c426b0f7f21bdbae4acb18ac628d9bcffeebe16a3ba8d68fce35f249dc67008455854c6e6fbefffc7bc7d5abd2d638adbff6c05fbcb15fe3d101320811009d9e6190040b208d22eddeab0c51409358a92800369042d674fea8572f6f6b404f42c3340dc6b8124b3b2eef00306ab5dc7ef1a3d6cb6941139caa367ff1bf8fd7877dca17cf85f84d82064c00569533d9df3abdf6ab1bf3a9b2801887e1f39f7ee1c7a1bc7038a59401137455374d8ae1342c3403aabe14685300241768116570731467edf2412610dcf6e8cb82421bc7b130ae82819daa0a9b80ddf7363fbb4e6487410feba12fb1a8bef60dbcb63f0c737b640df149906580802197b323afe5f59fbfb32cae026229fd0de200000d6f49444154687b9f7ae2d65f9e4edbbd8323814b083451598049912e93a284aa729ab42975832cb315441858070f8e780a456859b8e973265b6b83354da10060970193b07b7cf4e365daf622881af70f72f619f9f5afe3b58398ee0d5746079f245000015b7431172cb771f7855f7e50b00d455cfcb5cbfecb6bebf4dea529d53510069c4601240d909252c8046112a6943661507688d2b0b4c37d24c601662eb5e9db6da9211a621a22441236d220e1e2476f5e13e70241d4b0f79096d33be4d7beee37da6a7f130f4c18f824764c022ed2562e1edfbbd3af3ff7aa0817243ef0d583d5f75e6ed67079eac166a20827bd43122009d2284b28c104812803205262695a2d68d300693554877b2237673dc2116e63289a48947740a2ca577fd9b8406590d5d68faf97db1fca5ff9cd7a6b393a070cab98f82460022000d3701a7affdd3af9f9ad1bab1e3df7cfd6bff5f0e9f8d60fece88717c496a309d8489b344802049134c920b24044983648272946480ac530c40867baaa3b7b2f9054b4181a480155cd69b9f4deab272c64ebc430373e70bef9fd33f6ffeed74f6e971f3cdccae39a4fd2280004400055f6f0d1bb1ff49bbfb8ed467bae27fe5b7d78e9c69f6dc6c278fe30aa1500df57200118300998061564150849709200b8a31044b6698ae96c61b8279c99458892a24590840d1499d1fcb71f2e84ba6a9ac741ee9fe8abcded8dffc957df3f3e72db3f488f239f046cdc47d0f0dfc9ebb77a3ef7fac2d9d3f1b92ffe37db93476efff13bab920f1e1a734c032e978ba4a1a401d086218ab449908351164d888428916d1a85d31ca7ec2e579649915204471236912d3a865bafdd985950629cf9c4fe1b1eae6ce3e0f4adfaed2f5cbfbbdf3d1e5d32c16fc220ee235000ca06afe9e6ade31fdeeb03bd79fc134f687d70e7bb3f1594e3a573211bb0cb2e90860cc3a0774091004900011aa2c11d108c9d26a463885e985136b823858203695bace839e61b2f9be88015b97afc33b7ef5cdb7fb01fae5fbdfddb9ffef0ee98a1834301fc260cc100882260a3a2de99eebcbeffd6bbb78edafbfcfa63e7dae5eded97fe6aab22a7070fb3889db213844db9001bb641881241d02641c20477c00ab5d6501a5ab99cde0149503bc111704102bceaafbd595b9669c5b2f7f0f92f4e1fbdfed1af73387aefdd4f7deedd7b53a9efb551e4930668dcc72268b85037e7f51bcbc5b7df3858bfdfbef218f2d2d9ddd7bf7363c856f5c0034c90840b09a000b900d86503a024802248dc6702dc81c91806998154d4421b24018a5468345c10d5e88f9ebfb107674336d6fee71e7abc275f792cf6c69bd72f7ff25a1f7034f7fd35c1278d1d03204c50ae82efde3a7ffbad274e6e0d7bb3571f6b9e74f2daf75f0c2bbdba7454808432aa8802e002e84aef9004018620daa00c13222143e320148168acb20101018a6a1abc0322b4dcba76b30ba821bd9ac7873e7ef9636cdb3b31aff78f3f7884efc67a78141bee53fca641c000081322aad8efdcde6f6f3cb86da767636c3e5b634ec7afbff4b70bcbaa832b0624b8aa4cd8a832083bbd43b208ab09461523008322118686268311b4943620a0910a0da1b2b1135db75eb9d37aa3871e87a7edf3572e1de6e1e6dda38fe62bf1f6c3fc793cc80b31780df09b008bb40d4481808dcd494eedeccefe797fb839dcabfd2df671f5951f5c5b2db99ef5c4082240979ddd62ba40b8e0721930891de23ec2d020900c033136401124e132691212d48646183030f8dde3ebf726d71adbfd0b37b4faf2e3cb273def7fb0190bebac7a717e742ff6c64912bf09b008d8806c11766db61c71efe4dcaaf5adc7118b26bf7bfdbdef7eb0bfe5eaecf17326053aedca12cb36e1f24ed948d2302903944104459100636c00a8083acaa40571a78dcd00687b5337cfae9f36ed9f5fdd3b59797bf9cb1f9f2fc4322c1bdd5b266bfdeaf5a38fedd9fb0af149834503a00190806bd387d6cf367b6d6a7dab55cf817ce7067efafa4db64d3c7c644a4419ae34813400978db20b05da8069820464204210c93634d2566b4494499341806d683628bb36cbc9e6834d0d3877fee201c66573e5d1185ba73aef9c0d5ceddf797779f8a09a28f19b000c9820ee230c2f29d5dc358e2e87d8a386f75f1f9677bff7e1f985172e8041a1005715e8b2011760bb6c00b6611b2001c2084941295a488022441820488944b4280374655fb6a7d77389d5958b7b8f9cf5bd05172f7148967467a6f7f6f9d1ddf55e5b6d09f29b040c030468804615dda19cb98aee26b7f4bc3e7dc5e73ffaf97779747cf0a848c0005c55066c183660bb5c306cc3b04102a64c06472a4212b4c310ee13d1142425a3606776d4c93b593ef8cc63678f5cec6db9b7beb4acc10a1c676ecfedd5bce16a2000f3490036400034765cbd6971e412140112d4b6f957270fe8e6b3bfbc1d875708940dc25565d3b06118b6cbf7c1b0690084ad30210e8c102544880c810024b708016420912867c3c9ebf3c8830b9fe5ea616f8f96a16df605294fb49c5e8a45ec1a5344f149c02880d83140d83d64b38aa660ca8cecedad1b171f3cbdf5b36763ef22edb2c9b2cb65028669965d365c06600320618320288ad1048514122508a6c488c08e025905b28f9e5fdd3c7498fb9fbb74af0dc3c8e87d650e5c36c37cfa70afa6d94d45149f048c0201180609b84ca1a8828b8d8e0ece7b1f5c5b5dae0fef5d7dc9fb80ffffaae0a557cfb20cc3f0795df7f37e6b956e6cd9d3825b48d4a00c9c684c4c74a03f8038f1d749fb031c28c69028624cacc4182718944d0a512b01caa6b4ab6b7def735fbe5dc681c79120725f070811ee4e076607484012891359f7d530ae92aa6c6c42995d55409e74b7aad8456f1e7ff5ca5b17ce3f31dc0c06a57529d6e383a3bb4fce9e764738d155293141ea20e8d036891c121059f69abb7ebdaef8647ef8cf7fdf9efb998dd3b292191089ba43d22bff9596680c48d8d2b005a3caf6a8e9b058b59382a4d94da841ade7dfcdd96f7df0c06179e79c3b5e97ea589af6cd83cbfb1925722be81a04114c1a410212898080105e35076f1f3ffeb9f5deedb7ffa6b95f67422592924e10c4dd81ce4ad824419a5400c78587e5b2ec2a4b5618d6b00958eb8c651717e7b1eed4d7e7c192d4f06edfc3344e3bef1f3e9c0e047782ae4541049120203190709f4048aba775f3d6630fa9dfb8fed1b95ef7b3c5c6224d3a42b8134856420201144490b055566a19ad5a4ac9cea1644b4a2466a88d0e96f5e4c287f59ced39591682acd98ed87f7cf66c4d08c8b3d1b510438080d84404082010b8db53f5c93be79e1afff8f59f1f7f2473dd771424d1211db449806492904084400a1b7b48e051712d25581c0a95e4342192470d9b830be393fde7cf03b36b374de4acb0f4d1671776d50490bba56b041108081034ff47a8e3a64edeb9fbcc9d97ae1f7df9e1f4dcaf1d212989b291649a4d08499a8db0a0a5a01a42b2650f59652a941858ea4d95c558c63c3cbbbbc05d3fd22a26d5a629e65a07fbcfee5d1a6e258204e95a840224020424dc273601452d22f7cd4ff9ebab1f2f572e263d67a739152b24a208226c724a44161d09ec815536c306b9a860544864760ec620b58cb1d3bdaff9a8cfc643b35131b1725cbbfd9d7b0f0ea26633c1ba8a44501a89705fa4044909a7a246e8d6a7affdfea3d1971f9d999dce5edd8a2c89340c848024046825c8699055c696ab6c39c852258a4a11ddf86059a0aa96a1fd57ceeca7eda23b25a53127ae93e3a38bbb961a4822eb2a72829898702a26894d128482d7546bffde5fae7fa871f9f2baee676f984d6c2ca59b454240024189d2e03472a96a2d632f859005aa34618c4e826aec16b9a43ac81d3f7bee4e4629909649cb7be7641e9ddf4924229a945e90e80012ff1309828080200eeae5c6bd377f772bfad2d990ac73250958416263b401854e8b848d88acb24554c6251bb009496a51e64c8df258468da274e1c6bf9efde6ba56f572b2db4b04a4ecbdbf737ca5954eb409e82a224404c47f351211a784d2627af4cb87c77f7cc37afa4cd43d7bcea4d10621c0680389928680d8c472c91236b86429c802d21ea4a32a2d63a91a250e968f7e7be6f9278eb3f498cb74389555f3f6fe890e629320e95a20023a5888909600b111106556d7fec62f1fffc26b7f1879e601c89c336b77076310020924bc4a6292468820ca2a4b2e753c90c5a690ba651a5599c3dad935cc01c73f7fff47df3b3c5e3016098230e9cfd6c76650500848d7421024c14824442848dc97b4bdb7c607bfb9fee4776ebee4f9c50ba2e79ccc4d100849280e1bb72c3ae980096248e5fb44645312a480b444e4b27d504bb946698c5bafbcf7d08f9fbe5751c5e9c84a7b864ff3f00a0992c88cae8608121008910805901a4432cf9c20defed95b8ffe60feea6e3f75097aae89d6752610b4b15a4a029245874e6241ca52d9255b0a7259204d444b60cb63a91ac3b50cd7c1bbafdc3dfee1f70753d5d09295d0ed8f7968550228ee8e5e206c12e400820808480d7292e564a90faebf787cfebb8fbe72635cb92892b5c3ba7642d84846a63b08494908b4245205b64b7255b74f21668a2070a1ddae54a36a192387efbdb8e7d24faea4e5a6d12611d3b77c692294641ad04f1148e94809a70c04a18eac50b30f8efff4f2df0ff28de75e7f7579e4418466f7dab32151089b217547042501a104a92882ca926d617923054a34c4c3ec965d3c468ddaed0f3ff9c5d1b8fdfcb71db5699020f25aefd7a54682741af31f3d2334ed567a1e650000000049454e44ae426082);
INSERT INTO `image` (`emp_id`, `image`) VALUES
(1, 0x89504e470d0a1a0a0000000d49484452000000a8000000a808000000005120fa68000020004944415478012cc159afadd9791de631de77ce6f357b9fb67ab248892cb66627d154eb5c181685c40890bb20ce5d10c440fe40fe41ee02e4670441ae82004190c60882c4902dc9726c598a24169b228bac86d59c73f6de6badef9bf31d239b969f873faa659daef7fec5bffa607f9b8b6c9901220d6d08871cacb1117322d305a88620180620907024d197403fba132d98604446d02358004cd436cd9249c8d02c08dea432e051b64482801c44e39bdffdd2d21a1208f0470acdf1f19fffc58f2e7dba6ba48c6004a539a33904bbaa00171ab4819e03947f053048b33555ee1b0f5708b907931109125146215de4dc0a2c194961581222b6f3162c71944a6202b04066dff23bbff5d9003320f38731a4f38ffef89df78318e9b581118c9c5b49d92380b14de62441ce6d9aaac130641924ee45b6e65cb25d1d47181d084506004699c5e649cc59e0949884a765911ca735380bb35c32038005b07a8bb7befad675777694f936b46da71ffcd14f6ebb31dd4682c160f8ae28f4d65deb50a64807d60b245505014b00930699ce6569587acf6476825b040190222ac2b24a165cc508c072e99ee726ab6ad8864100be87059e2fbff9ddaf6c8aa519fc813cebbd3ff9d7cf4f8181d91466443074ae3422dad86620dce122b7d52ac9240c098c041c0cf5abab160bed8c6c3683040c846191654bb6841278cfb65453e01892e62683307ec536b65d6afff45bbfb973f446f2ede9b9fef9fff17ebb545eda25092069d802915edb9c8aa45a60c273a86403142c232308a00573bfefbdc39120a77307206084e9494ec396e5920c12f7a42acb1a656b1d0a00220ddba83e1d575ff9ddd72323937c7bf4671ffee91fdd546ebbd3e12ed2647a8cb96b59ece3450faa98592da73467954118822d663069b41e0f90bd271161a0d0d340120e878a980a4a0236abcc401035a6e1a9928c6d1b0c580803bed7b6bde74bbffd1b7d896cc1b7951ffff13f7d0f98aa725829a00a6c3d66b90a1932836cde86ad0918f7620293492ee1168157d01a2a76306047120418046d533549c8c22a5b95ade5e45c3d63da350a2b2c09b64098a85d39b7875ffec65bd7de96e4db73beff7ffe9b1785b264546d88802382ae6983190283086d6548806018260ac940dbef5ae71ed1884800165a230093046dc335018b8e8b6a4eb7de5b71ae9e945453189ea5a2ef1120989b16e5d3dffff2d36536f26ddffdd5fffede9c9eae92ab261864cfe9aa5204931683406d05c0806da1186133c2c7ebc85d24c88ca4618bcb22c0006942b6957689999be7657566ec18f3a2023467d9a36a9660c1a4d3c1aac6a93ffcd2ab0fd5ccb7ebe3ffeb8f9fc5043466c9928d88de47c9523444a848c21ad388026c0bca48888dfde971c53e1070f46643722ccb20ee910424596995d0dac45c371979c89cabcaf436e55a55d25401261140840a35fefe173ef3aa937cfbf2d3ffe9dd5b0bac39ab049919ccbcb312c56cc19249c37394c38460088d8ce2defba7cb25f78a64b127ed32b3e7240c80dd904a005c858cb266498a43e65c3d1d1ee5d23aa734a68d7b8c30129b596f7de1ad2f76047f70fbfffe2fa7755a4352cd32223bcb381109832d2899b4ad3914a40dc06a662aaf776d9f58da68197246f85eb42000cb4097e12a12b60c50520d39f71173601460a154eb65d69c060d2393d321c3edf3dffcee03827ff3defffa676bd61c25bba660b6c49c220812768640d253d456e8b0015a4db1e3eec9b5832d2911c43d07c116b86719a014942cd8b094022ea7c1eb3dc2c5316cb06c9fce35c784019b11b44c18f3b5bff3fbaf74f06f7efcdfbf7b738d7555c925108c7095098b418f0c9049ad458ef2621b20d095c776f5b21099421f728465b50423610082897206ca650096c416a7e76b5ced9060ccb50a2cd1e74bd5366cda4684bb0702acebb77efff543f2cffff47ffb79a66e63b86c803308c99841c28882cc0c0ccbb0dcca31ae37f7878f728beb6b81bf0219a0cb6406409a200cce206442f70c400cccf379cc37fa4c5ae3b20981c96d3d97e7246c3028002669bef6bdb79e3ee49ffc933ffa74893a71d3042000966c1811697b10267c0f80ed199973d97a7ff480d50f4b9a0401c1b04d3068804102060402b0a9b20d07606fe735af029db0d6ad0a9898db5a9a53866110c43d12f1f0b7bef8da91ffe47ffc9bb55b178c9a22244a02884566780e320155192420b3c3453dd83fb842ec16123400132e214341d860802800844948b4e57bcd36743e57ecf70928b69a9b5cacb9cd316601b0ec2001108efeddaffdfa8effddfffc41616ab3aa0048658111d8a9809aa33168976c80b02384fd6ef7aa769db9840018306895d9a2023048822e1b0df72c11362c83067539adf3c1de11ce425da665696edb3a04039693c4af28f1d6f7be7ae47ff37f9f342f352669f8de341001840d08306c19a6648248b7e5c96e7905721040200c185313994183b02308400648403202864bae0c58974bde2ca96387113a0fd79035d7754e18040c1206e0c4a37fef1b8ff85ffd4b609cc6dc2200cb36eed906092043aa9249aa4c067a3cbc7a4a1d0e43117210346c6c327b0b98b41c3408983029896cbe576533a89ab37d14d9ae09387499aad39435b69a32184011300047f2ef7deb35fe177fb18b71b7b94010aa02294804091264a9ca4c596404fbf2ead5239b21044108b06c038c7b000981106913100c8348d82e39ca4481fea0f55cb487a051ae6dddaa46d59041c2220c9346fadbbff126ffe31f5cc57ada123448cd618621d02408c3b264868c88245f6e2fb7bd1248c801119665f7081aa0193402415b06ca4290c6af4888750695dd1f24a6e3154fa960b5d3dd36c7d42683b040182053e4afffe69bfcfe8bf4ba21e829601a222a82930061c8e7e3a6ddba545b77c09b8fd6a78772d206411026b6016221014480801ccd84404b76d08682844a51534140ebf0b6ed1fcdb4057be3bcbb8c6d4a05982181007391f3f0adaff3f7f7ebba090c4fc143303c23a340c08662d00872b47a72c547be7ad4ca840d02304c6f931941d28c30003932681b9661d28682b60c03b6858a79194c460f966468bd5d4bba946c2320108ee824fad7bec6df797473a7000253ae59a0546c3449c980311a2add76fdf5a7d9ce573d0a7600064c146a2896ac20c0a041c9cc08c1b42090324cc0062ac255c6d6ea5ce9d17bc72c4398db3ac758ab6c8310ee45b241fefc97f9bb79baa007d046a9a608494c988c92821326cab9bfde3fbe6e7d1c69d048e16fc955e29245020802b0c4740020242360033640ba409518db2cd754646b9e93dc12dab6d365ce826d50b49111695f1e7f817f77d4745bc239a6aa10d3060999144cc6686bf47af4da550fe60e6131cd3e70cf002c0949933682046c311c34025560c020abc0b00dc900e7a6acb31aa3c1132c68ce6ddbcea36c5949cac868763bf737f99d8daa5cd235ca924306094ba481605bdb65ff205e7bdc596ec9841866170cd9a06d1904013b18066c06489b28030130a069c2a201582e01b56d027b8fb2a1396b8c79d946a9a416213118d432f10abf25db11c45a02ca84495aa2019048677b7cec2f25136c2612a2d80058b2c38684106923480306ef41348bc6bd48d9b2f12bb44ab2046dab914b870495b48db9ad636a5665a604d2bb19e435bfde875b565972600a36494b36400238c493577339143b3315736141680260d9b069218a8411b4718f34618282002363065d0a02b0cae63a189ab326965d4839b7f2549dd66d6a96d8d202e1ab51c985df50109231236015d05d052886ab096fda4f3e3f071f385aa0227792aa4c835681861c722a28330c9941c2b09874c100095a8661daa0352197d2ab87a32580394a90d7d3a56a2b9a36221cee238bfc8649ab00210c1b0e970ccc65b46d7953f9f48a7c88f31593e0d2579b2ea14cab40844cb9cd4039021610044c00a461cb001c942b02b6617b16206970382208aaa4394a975173db04dacc00d0b694f94d032a01840d90b221811c5e76dcbfb6c4e1ea202c1d8462e91719965032248442a6dc265c8ea40893b0933080b0650362a00ca45d1288d539a7ed124846c8ae31a6c7af6cd304980410a349fc966c490069816415d205ee92eb4b2fe3a53a1cf010700030829c439651126c863c91760ebacc24022600474026d2966c8440a3aad9b2811a8c2a09b28dc8902c4dd558cf5bcd69000c02e4689efc860095411232e12964c85c7a1d96879fab070ffbf910dc522628c518b20c49b083a8814eb38032c92048810e5a66842c9519b03d25d90cc05544595bf73d64c2f2af6c73bd5bab8a82610289d930f915109648262548138c00d997ebc77b3e7a7435a2b773ec4bd3a06a4a84ef49b6c1a80d3b9a0224120112066140664080cbb1656cebca0c8941039775a8b70a83463611b0e439b6f3ba96a20c0b8884c2e297455a22325936666544f616f3e94b7cf5d1f911e45043d93561683302262dc10642130b1ca6cb0e9a8019b44c17c245629a1358cf1b63e71222a89bd3c4d26933029941d0926b6cebf93c091996180172825f1da465331a24b8d433da71979f9d7af9c8a3b2665efa382fc1b2e9d5069c61998409986927e029064518484a26ca8c126b2b2e636c7396564868bdd54df5149c8e4c46ee00dac658b7f57caa2c0196c96078905fa42590489a59937518fbab8e5771bc3aee83e9d34a8fcd8615099dafa8c55ba4c4a42a23689320240226f16f0944915bd91897ed8af3ee52db250f93549e1346840b26b32fd9026c2ececbba09ebed30009b41c202df624d21834c206a52fb7ee8fb6a4f8ec7fda199cfcf1b3c37a9757ace5a8eb5115e06d85a586044120069c3020910e0ac4849b3eccb6db5be9ed73166b5bd68e5b6900c5415c38aa5f5de22e7046b5ca62e37b0013b12f43d7eb5c62c463216166c2c78f8708be5c1f57e891de6b899139edb3cc5b2eb98da0e5ae1763483416091a3054052800d12868912e9596d13ef9e6bbfbeb8333671594c2bab2509d774c046328ebbd6ca1cd6bad67a42190618300df1ab1ea31864ec3041b2e7939d0fc72773df2aea72993634c716c3bbc5eb78bec7907387d65b6b4b0b00c10cd26240046d082635a7c0d3c8797be1bc3d0787a20509857bc006048141280f4b5bc8384fd536e6b8a80023049030bf1c5b890163c1005bd3d327e7279ff1d421a6ebb44e5bd22c0e052ee7d183a3a633778765e9bbe5d47761f45e11242d80b0810ad698659e2ff476dab86ea8e9d8992048066406847b34965d67a773aec67619739d328c2c80a4f9964a20013517d896fef4b5d3d39727d0b5ceedb47956c9e0d01cdb261c04d9c0b23f7446b6d3e1aa4999ea3d6989a4ef0192a06d5be6659bb56d435513995951d11033426602197353f4b66f682cf2026eb797adaa4c21001030bf346c933008c3b17f125fccd6e3e1f47aa9f53c304baa686daea7ad684d104163d977b6a58fdd3e2d44f425013b892a0954999eab3dcea3aa860d63e917c51a0724c243688df41cce96fbce30e0822e97f3695601b61b0118fc4af91e60c281c9c3e3f98d3d1a92f33c589bef0ad48aa61a83312f396dc195bd47f4fd2e223208f7de020c366acc5926215b7596866695ccb4da6eb89d78c546cff3c4d239879840df77018c0aaf176d37e72a50760401936f81960cb155c48cfccaf67972e9fbdbcbc0acd29d609780b955b61ab53950a1ea8db1db678f2098d132602ead476d537346c6dc66e45cb7d256766454e5d2f7dc6e5e5e2e45436b35a3862218b1f484a41a53da2e779b6db288a4017e09544950742571dc7d365f465c656c97cd35d70baba412d9a8e9d2652d33623832b22dc9c8d6938e08225a225c72cd99d498e4360b1a653202684becb1de3d5a266a20b7c9a22d8244eb094b634e7bbbdc0ed9880a1006f88506cdb2cd8e607f7cf4d3077d791cd2baaed375a99a92c8da378c595a4b55c1b2d9323281e84ba3322232c819005973a04a3246892ec08846f696dd635d3a3d87730eba480b41464b48736c135ab7cb5630a80060925f6c564d1b488697970efefc726c7b889e7717613b5749269d20ad3991ba0ca22696062685ec3ddc23334854180915c6360c7054c18818c89e0cf6a612d80a2e8d4a4cd313d99849d8deb6f2bcac975536688220825fb1ab5404c9f4ee49dffffafe61c881c0e5b46d77aa9264a6c1d62455c47a31c7704f4700886cc9682d60d2000236b67580c131cb2668b0f700160031d544c9db0cd94439325bc086c6acda2edb65958c30110c835f9b9ab600321b0e4f70f599eb877d6353d5b68ecb8d255b00221849e459a929cd69da8c640441b2b58048dc238039a74c625319b0bb9c4b0fe46c8c8db0865b0d1509d8c86c611b354b73bd8cf3268b04110c9bdf98631a16c0bee3d54bf1d2c3c37298748c6d3dcfb96e326046214924da2c89d86c55996cc130a0163d0183206462580503731682aec58ede839e7b795b545ad552063c447a67066db559352eebbc5d0d836a2613e077b66d0090ccdd8e0f5fcdeb7ee0e36c93d0f9f94952c90619d39184a2f3bcb6d8406f030c9b114144640bca60a064da3565728ee16c509ad192d0b8aa318e25ac93bdb5e6ed7666fa38cda02a668dedb4695d0d136a2633c0af53976a9a39b9e3e1d85fba7aeafd0e87d93eadfc4493d3b62a023248db7daad5c50df4bae522838908b16522e02086311cb9dea971f334328243d1eead289baee788401c8ff35c345c07766c6bee55354adb6d8d326d2489c8e4d781b12959f292c7637f727872b5dba13c63de3dcf159b0d98015865b2878d5a47811198b35b88c8205a04832031e009615cca25cb60c43001449a737241856429da5681ade0f26e374ef1e09154f276b7cd322d80c1c8e0df6b9f9ce7c836a89687e3fed1c3eb47d173ddadbebb5b7dd9af25442437a90c6216617a53632130bbc1cc2023c8643453439e2ccf8be6a02d3343b6c4deb156a4192af71e1967379d2f55e7e24e1bf713196de17a57022c479019c1ff32feecbdd4c89a117178fcf8aa3f7eb8eb1e7d7ff3e25c3a0324e6f9f69cb3d0c29a1be9ddaeaa71560419d932e016414666336a936794c6a55c6509d97365f4e570582ee7d36a04b52997cca09754cdf1695d36874b0ee62ee72a01b633826cc1fff6fc4f7f005d8c6d61ec5e7ae5e05777574bed707bd68b139efde25a7382a8294484e5cdf06eaf518e00b8cbb6b4a0dd5a80ad01f4b427d7b16d72ad0866eb49c472e8e11acf3ed88ebbadcaadf76c60ef86a7eafce22cd522802d6695411b0c225af2bfde7ef8f6b3b195d1485ebdbc3cfd6c1efaba5bd75f9e3e7cd6fbc92d496ceb55a6ab484e9532cadbb4d4162296bef41ccb2e8c6c4460c893b7e76968432c4b0ba0c65af69c8fcfa74bc5aea71c20da3e77984e2cd2e5d9b3d98733d8582a0336c840f4c6ffecb0bdf3b3551be1b8121e2fafbfd167dd9e6e9fddf6e1dab54383a2a318d0d8ca7baa6819d69ce8cbdd2cf6b62c7d77483992086f5543e76907ea10bd53eb98e3729e0ec6590d5b1e25464476c62edd17ae6a78f1f18951416493a665836ac95c16fe072f2f3ffbf1acb573eedfc8f9f870d89d7f7a53a7a9beaf971f5cef8adb6984e67e0c795c3677a9b3b265ebbb3e37ad9761b776b53fb412b2901e55e3ecc6e2925708cef5ee02d46573cba56dcf47cff9996dab29b62b65b6252bddb8dd7e7a1705c6eec0f35459a05acbb674fe41f7edc72729dce3c9939c978fb7c1847dbafefc9bbb75c47836d579c9795aa99bb1546648d9da3cf0b27f1ce887f5972f22a4761563b97ed6507343af503e3a62f42a62bdb9691dbcabb8423fdf94762f75aca7312aaf1ab0dbf500b9e3fcd9f311dc1eb7878fef7e31e6ec0590edb034fe61eae6e315e50c3fb8de4ea701b466f1abaf3cd8b6dd787e9eba555ec679b6436e9b8a1134b3e198231f34b985c6ddb3f3881de7feba0b31eeb49bc2e1c90eb2409d4f17ecaf62dc2896f9e22edaf19139574d85dbd2736941b61dea9d8f122f1e7d113bf0fd67734631186dd792dfa75e7c5a5133622c0f384f5358e0ab57bfd4791a79fb11ce25ccb326aeae62de3d238346ebba7a729867b5c560cbf5d987034db55c3db63c4ea361f2e1e326ca81edee6cb547d0332b2f9711cbd51555ee98533cee1d0bc0be2ffeec17e1fdab2f23b7f6f1cf5ca806665b1af807d2cd73b73970705ef7f17cae5886dffc3b7d83d7cbdd99a7c979da32e2e155f0f6fd91a119c7c3fe78ccba9d87089423eb87d3ad66ec1eee7c9e2e01f9f061285081f3cd16c503743634a099d75708b0a1bc8cfd7ec4ceaeb6cce5bd77cbdf3e9e0fc578f17659d5c4d67a23bf3f7577a3983316edafbc9d4eb3e5d8ffdaaf6f8776f3f1c9ba446dd301f1b8cf7efef004d9ed70d81f77d0dd38b6b02df19d216aa2f523cf4a587d77bc6a8898c6e56664f55c8636b6426d717d588f5d252e6d5b96198b30326bf9e01779f516c7f1c2bcfcf0e459a1886c2df887d6f9ae6a132b5ebe7a71bbc96df2cdcf2fdaf7d32777aa392e6d416a5666b4ed796d337a6f51d7c7e4796d57096953fff9ba8166b2019aead8ed967d3297298f7385a37623071bc1cc46373820ba7a57f68a194df9de070fbe50bec21a9aef7da42938182d93ff3ee665ab759570f8dca34fde7f1e6b9ff98d2f8fb6b2cdf3a878f6fcd0ce254c45c4dc30d57b5ae80d8d68ad7bade9feb375e5d2331a227c5e89e8fb3de2d02dcd215a134c03bb88abdce6ae0677314a9164926134e0179f3efac2399a1dab6edea9897244464bfec3b9adf2e9a2887ced8d76f7eceddb43e337bfe95aa799d416e77939531aab3187c8de28b9dac2d6ec5d9f6bfa3c3fdc463bee5b544f72bbbb5cd41f5eb93d003567013563ee2647bfd23cb6cd6816c0568b273292764bbf777b7d7cb0bbbde2708dbfda06a6a3b56c8ddf67d5e5f0e94d23fcfa6f3c38ea97fffcaf5f5a7fefabb50df566615c2e63ca58378754db34928681888cf02e167879fff9f9b41b57fb853c8c45b7bc791ec75ecba365db1b98f06a0611d937a49ca16b9fea905bc63d211048f1834f1f5eefa387d92f1ffd4dbfc486c8cc65cf7f809d0acf3ecac4fe956fbe9eb1ffe4cffed9c36f7ee1ea7ca9deb2b6b98eaa395d9b287bb20ab49530a22d19c8dadac7777576c393d83f8254eb7ab9ab5d6cbcea575d0c514306184d1521841b61b1b5444408e96c80debd79ed908e60b4f6fc2fefb6b61199bd77fefd7c88bcfdf4fd083e7dfdad5f9bd9f8d1ffb07deb5b713e17d97892a6e758670c43a0bd0d0336230066eee47983dbe2692e7c7c78b0af56359e5d4e6b2e5387f6b48f6840a1a6cd4821ac8c22a2a172070469047b57d48fc7e7164e82443bbdf3fecc32d0fad2f90ff6d76ccfdefb3810afbcf5b9d70793f9cffff4cbbfb3d65d79449b7261ace7510516e81cd300e88800c8abb23e1a23d717c1ebfef25563a3c6edf9f442bb9a89cfef26d328680a20189cee39bd6f4040019222976c95f347fccc12820daca79b77370046f665c73f3c2c9d373f3805f3c9775f7fd86abf6ceffc3fbbdf3d8ee727c819b3e079b9cc4dc12954136c64428eec8d29e0fd33e27213fd417be9b85bb6e635ce1f7eb4ed68d5178e0c14cbb20dd999a51ea3efb2d0bd353220739f546c3f893796002cb6d3ede99dcd1591d95ae3f70fbb05cffe6aa2f195df7975ffa0b4ac1ffdd9a7bffbcaf8f4d36a76b86c6d439bc8599210965b763b5ba361f0e7b7c4b6d5cbfb470ff6385c763af7bb9f7f78ea2d51af3f5c8293026c40a56c5062bb32002202a465b64559771ff0cd46c38ef0f9a31f15362efb252cfe417f94f5c18fc1f497bef34a7f602b6ffff4dd6f7e36d68f5fa4678bb234e5cb30644aa08dc805cca04519efdeb471b6de78f0e42abc73f75a7737ef3f335bcc579fee3a6654b30b21038d15a8fd7052d16d43467057cbf9e6d25e6936cba9b6bdf793352696ab438e957fc8576bfee4c308fbbb5f7ebadb59e4fc173f7df5dbd93f7daf543d55ae32b64d7426a60c20830699c9a9f2cf6ffb3a667bf2faeef1d83b4d9cc727ef7f3ab9dfebd1d37d8bc9eaaac9805b118a74ca413058921d81fdb6bfb95d967d073815c4facb779fd35c8e576d9ef91fe911defde8d40776dff8cd43cb6506d6f7fee4fa7b477ef041b558837449f01c45665409ada99230234285d3875bde8dca379fb64336a4cbdafa4f3ff8b8ed7c78f0b42fa1564d55021986c108030144964b8a20dd71735eae194998e479f7f15faccb05fdf0b8f205ffd17ad04fdfab06ecbff2bd63f69c453fffe3d3573eebcb7abaa004dab2555340d000222dde830123ce1fe68b75db1d5fbfe63e89b4ecb1cd9f7e7c8797e6f1f3cbc6dd32baa5b2f1b7c830830009552149e6b8198743441026a7f2937f034ee7e1e5868ff99f9af8c9bb4cf2f085dfbee201dc82dbbffaf16b5f6a1e2f569c09d0904396452b02200d10802c2c7a8e1f5eeac1a3578eec589c2c609e717ef75d1e77f1fa1e4b44236c95d40812762a32618f6cb011a2cfe7d8f70409825bf0f95fd6a062ffdaf5e57dfe27b1eddefe98541e3ef7bb57be9eae9cfef15feebfb9bb5cd6559306081bb62c00498076dab867ced8af1ffe603d3e78f2f4ba7336070bac71ea9ffcf0a247fb27bd1de9dd24e0923a481a36b3056c0551256469ce5c3200de83c1173f7e7e6ae6fed507cfdee73f8abbdd5f6fb38d387eeef78e3e4e052ff1c99fdf7df5f179c5ddbadbf0b7c2920d8204ed6a066822868eebbffe94cba357ae0f3b54175980b6715adef920f4f2cbbbb13fc81d046cc02008285a103020c3d2dc98888c80830884db07bffc789d81c34bfb0f3fe63f7cede2bfa92d868f5ffced03f66268e3fa97ef1ebfda5e50e759b847b2db3208190e68068310e140bff967dc1d9fbebe6377541125aab613dfbfbdb93c79f8746951d90082a00980118e8441980cce6d6c5bee124002a483b3f51f3dbbf55deac1a3f8e096dff9cafef2deb6aeb51ebffe5bbb6c591835f8f39fdd7cf1e13afbfc84089899800d929614e1890894492d5c3ffd615f768f5fa51635145105f132cecffa0791f39597bab41b800374060166023492ee2e8ded329b5a23a9246d00c5e5671f9c7889f1f821de1bfcd21baf5dd6f3f64ca7e3b7ffeeaec562afba69eb2f3fd6c397b60bce2b13666b20ee91d3aa204442d399cd978f9e555bf687c7e25ec922aaecd93fea67285e3c3f1c0f0fd3019880910130d336a213733b5d265bab6c568bb1909681b62d9fbef3a912eb93877e7ff04bf19df3c3cbcf3f6c97abdffe5abf37b0ad738e75fbe9f9b5a763eb37158ee6ac8090d4ec9b5a814acc62e67ebbfcf29475b5effb4ef4a564a0b6312515bdddc0eb9a4f1eefb2371a8cc81a2615e36e10633f91e148c306230cda0c686b7efb4e73a8bd536b00001d8949444154c5ab0d3f33bfe46f3f29fdf587398edffb5acf48716ea3c676f5eecfb7ebeb5d0c0250a08787224cae8ae8dcc8e8d8b60b38c736f78f5b0f809136a13135e69c709d8c1aea0bd9d26ebb0d19d6282db155b29e1612660006400a341c6679fbe956c37ed2e67b935ff61b6f1c8fffdf4fa0dd6f7cfd880c85b631e73c1dfccb8fd6cc97724bd415460bab25150e20571981edc56d27763ee5f1494f9b960dc0737a2dcd0ad59886092030ab1f5766c7b6d5a16360b70f080121f0ef18840d0cac379f489b7d3c5c3e9dfc4a8bdd6fecfefa2ff6d5bffecdc7d139d2db98553547617b7efbe9d1d7dcaef4a82f2d7b4004d64d2fb6395631f21a9785ebf1d0966604262d4335e766d6a073dd1c4928c343d1c59e6375b6a503410b240c182400e39e6c0bb7cfcfd63cbb1fcfe7c12fed357e7ffec53bd7d5dffacd57982e608e59d69c53ccb8e89371393d884f225b6f280389be3baf7da10ab18f335387e6dd02244549963456630e204a80042e29242d66d68ace9686551941c21618a40518969d7af1e99ca34adcdfd6c6afd9f3cbcb5f9d80f66bdf7ba33009cd5146b906d2a338dab8450d5564ba1aa7d9976d914a8e405ce6b25f62e90bc8c026d996e7264d0537002a902d9c9da2a3b184ee3911c10ade731598011b360cbb8d9b8f6b9b0346bbf3e4ef7d7cc1d5d35fb453c41bbff55979a4c690c08d2e863697bbd669cd7210ae3ed0332604a2e4d0ace375e42122606058b2688caa81f0592018294706c08660c236822a99014768088ca07c0f440075fe6802b777609c65fe873f7e11f3c18b26e095ef7d1e28d636654694e021736562ac40c9b0d196d35cc82a0110c26a7c70b5c6232120a174cf004a63b5e745910d64af3c7073678b123300b80a21da11b5028880553683810bb75f6ae9cf3e45789de47ffe2f3fdc43b35dfaf6faf7de546094640232645b9cccf56676b6f09ce525b546c7a636677ad287162d73d903e99a138204d067f9024c9c825b2eb5c7b21054ec7b4db570152cd0006cc02a8016210034c62f0bc15f0cc2c3e03f7efb4741550ef0e96f7e9ec592251af0bf338d715663d0730afbe48640d9636a289feca860f407305535050212b4092b59de42ab9b172c1de88cde24119681320a846d00360c1822406ffa68469b3f25e009f01ffff42f83b6c8e5f8edcfec2f61583268f8dfd2bd1a60046d01ca9004637aac3a1cae3a2a327bc22aa98a2464c5666d0a5ba87538d88e7b209091905c3468d9051a164842ff7f4770d26cd7795e0778adf7fdf63ee7366848888dd889a248518d2559ad63d98a14d9b25db11da752ae0c93512af30c33cd30930cf3033248a55295aad855899dc6916cc9922876a2d893800092000110c0bdb8b8f79cbdf7f7ae952b3d8fc8c2af5873bf33b771be1cb00cf05f7cf41696296b18b8f7a5f3fb1d86cb4018b6210b2e970506684011540955984e761e38dbb266001954efb0855336d8557391b0547347b5fddd403890219568c2827f85b011b4041a265ceaf3ed6968f30dd906c83f3fba5e27078936ccf77d7db51f654b66262c1846873ae01e20606b30935dee7d3ed6030faf82bddb62d04b77840d5b46b7aa0a036b41aba9660eab368c5464b8ca36009b82051232200b611096faf19d25349f946c12fce3abaee908c5981ef8dade6eeb50196c846d1816fa02d20649cb3448cbb5bd379f7dfc3ecfac22c56e6b518e06505502abbb3cc65491eecb89dbaa0d031d192e50b661846019c16e58b6c320619d1cdfedd86e250b24f8fb37768efa5433e8b39f7d644d583283f02918b6d545723122681b16602ccb091f7a685df6b41005766a59da4ed8ae5e622c3dca436ec1229613ae464673224883f02931445699f4a932010109eb70733c713ab120f0d477f6e3e249ef151af2896777dc4a4200a26dd82ec01211324808f4621293b779e14c009e7ba6890598a7b6d75cbd24ccd1d5ec9153e084adba5b3ac74c2102206c944847542f9084ba2354705a3a9c8e4f521bcdb079ea0fc7e5a2a7dc00b97aeca1078799806d125db4cad59a7acf84cc3063b60caaab6f9627f63c05cc885ad4d16251aedceeb07bdd6118467a5a1a8d056c6324e91812e5a016918e482d9dad284aa05d3bd3327eb4a979bb54550748807f7c6fb8d1a7651b438ee73ff6f03e0a960152a25542a2966a098334b84dd2e87d99b77e6445b1968a84bceadceb471ea113da435681903458d46221dac06404c97425dc85e0294bc80e416590919a97f9deb4997b953b4c82fce7efef1fdcaded9c8e617ce8d10b215b026988a852104b57264150460f0a82b7f3840b43c45273c176bfe0695fd3406e641a61cb926b08a3c485393612c3c0ee8115b04ad92c9c6274d92a83914b7a3bbcbfdd94abca3040f05fbdb773fb8a7b39dcf0f8e31742960cd21620d941959860d8924558656f6bd6eec058aa3b2398fb751476cbe15ece869cd1e7eef02a4199621b1b80d6428a046d558f51b679ca655a86123d62592e4d3db1f4020490fc3797760e5eeb856574eb8f3e7261d7924d52926dd8a4ca110a5a652f91a169d3834be508d5763bb30db95b6c39626aab793ca9d4c6b574835c8d037be79aad116220d38a1665f71e8db01501ca808165e8a1c0e59be5167307ca00c97ffbe2cef2ee494715873affe0fd8f58324808250106dc8508075db6cb84e6a95a76d7ca95d3662a8367e6dd5d41f7b2b561ab34b6279d09678b16729e45042c867264670b59558c20242659c2afc536abb5b76fda64375d3082fc773facb87db42dce1cbc7bfecca7d2324e19e8b20c5852904119b4ea94188b2be761f15402aae0d8db09b24efa5eb842d84ec5a0924672d85983012368b430189644c0841dc9e865d2689a0cf61b576dc3842cf0d4bfffe96d6f8f8eb7648f5cedb74f7d4c82012b50e52a9370c14cca0c2c96bbb2f5ded71bce5c7a5925921d7ba3d94fce28e50ea34aa41bd938ee241844846146a0932a2424d06c815c0a0ca0881ed38dcd47b011906cf0d47f78f58dc361dacc7378c5b1f0cc132d27672f82bd8a593e251bbd38a444b91c8c2e90dd5afa5212d8ca886c3923189029bbba31b262b56a2b665242406ccd5db40c04053b5a08bd231316e7988e3f5a3665ac4fc6191282e07fbcfcd31b5c8e3dd36baf5a3df0b9958b96bb20cbe8306c18556c940641a6a304b25b53750999000d1be629cb0d80cb7632c7441b33202029665695c120015846c2769194cd39ebe4da5167b63649651b0cfea783fff58eeb30458d5a9febf1e443096d186519e855a005102a06e40184055b08a83491a8429094aa043200383300a2e6166db4b1cab018112021cb2441282d819010b46465679faede3686fdd60fd009201bffdbc9ff783136470cd450abfb393ffa548adbac2a19e865c032690b01bb91700728105556847b475a96211904108846b1b1572207801161452409daa40001046c935011615b7da5699a6e1dbaf8e0aabf8f2219d1f85707ffef8771b8edadfac03833f4c79fc13222375525cb12619bec30037664b80452804b26ad720e555d1928d902830c740e28863900491060340212230ab04d164012289901ab863a598e0f8fd9f1e470fccbc0a988e00fae3efffdedd1b450d51ac601fb5f3adf859cacaa123c13c4a96e3368b7a44a11b6e1b24942329be40c2d65213228ab9014c36c361b826024a13233445a6510246d4a42845dae490787f722f899e1ea9551005b069fbbf4fadf5cf33d958d166d6d7df153dc0a5ea4d2a90e44d072094128932a655a3604c20c54690898e8b3ed6c49a34a20d8036c1022924482743982205432030cc8306c50ac8e5ed70f1705bebefbfa7b69327218f9f2c5b7ffe68d9d83dc004b0eeb35f4d8932b64af926cf54a23122a5677108a0c75675a36c5c0d299c9585a48ae8576364a432fd08e29cd01a0a205110021065980848c8e084814695950b53ebd771233eadbf7bf78b9074f0d6bbe7ce76fdf7c6eaba5d4134d8f4ef3eaeb3b54ce56c992481ab42023689b992ed1b6cccc3e17876cc3c9d8ba5873778e29817619d6bcc43a4115b365048148948253c626d65e18b410581451422df4f2c176cbdaffcef0c69b734482c38a3fbff5dc6b7f7facb942545b3f7de770f8fca354474925c90c1a56d124611b11164296cca02db7d5100a4f1dea125ada045db6b5ad1818a129325b26c90ca8a03939e54a0b230092aace70b1a31f5deee13af71dfee2621603d146be72f48b57fee6ae376542f1c057debfdc1ef9c28e4e86d9ea25410db45c66046c070818ad4b86413654ae9aed65e982dd958d2468d9964d29430b222283191190d52bdcc7712966c00c656d316a62870eae68a8e5dcefb5972e0e4530b2f195f9e20b7f7ddb277d09000fffc30f5ef5992f3f5c276db67a2fa037d2b6c48041a401dad96dd3068730934a957a19bd57648009940113e8d562214c061919005102e4759b00868de88327b7da5ac57bd727613af7bddd575e57029191fcf9e683e7fff7756d974e66bfefbb472f6fd64f7f86bd4a5a7a2715340015602313367d8a00013811412043d57b09ec0201072d0509b03072968d88008242a31dae58c5441316807089eac0663e3c9ae6ec67beb7f7c66bdbd1644bf0e5831baf7cff97cbd205468ddf5effe2e6f0c057573149b5540141ca8064c8ccb010765763064e0d05866398dd9702218384bc04e48c80610c31b3640441408ca4c3d5062c61c036d292008a07773f9a2de1dc77d76fbdb9042232cd976edd79fbc7afde532fd2c03f78e4cd4b79e66be7daeceabd644784e553b0081046a04a2d87800369c9803b6bf690d83008c32711209396ad4cad6b9109341b4004436ee94a1b1618503748f9f6c1471decbef0fbabd7de961199045fba7378f9b9e76f4b4bb00ffada336fbecefd2f3f18522d5db29c09f91408caa6115029da987600514b7999aa69c698026995bd64232310822b47a21621c026d362b6101ae5900d01915e448afdd6c9ed7931fa857fbcf3caeb222313e64bdb9b577ef4a3e3719a1d0be2cb5f79fb85f4135ff6b0585525801176a910800d14e805111ca262959ea75eb5987609c6aa98352b947012d89d15e0c05c663379caf4827168e8184246f5682e10127deadecd3b1bd3fd93dfc99f5d9d9301907cf1deb5cb2fffe4306a368afee26f4d7f31f7bddf795065a9ba4d06a153a661a384703114436088e54406d4d16115a0518c5a9c0e2309ac1613b90254004fd911c648a29c84e905b41c9469176fdd3c5ed073fef437f9fac52209807cfee8c3775effd961558795f5996febaf6ec7992f7d8c86abba152461d9966da0178246b48ea83e6f57cc44970c55d96a66d4c2c6b41360c8d630a01804c84047c06d000c3214a8b204d280e576ede6b6736ed3e7be81cbaf1b348ce073c707afbdfac2dd7956740ef327bfa7ef5fca33cf3eb65bb47a492401db822ddb259306571bac96cda21699588c15b4745b3050c52192829084971ead9c2d02468563cc686526c430215b02611b5ee2dac1760a717ef6777ce96d8a9611fcc974f4da9b2f5fdb94581ce78fffd1fafbafb6e553bfb967a27a0926e9539d844ba70a86599dec9d6046c00ca4962205c0bd47c308a97330b0cc600fb64c482d1963cb369b898ea0e1a005ff0ab839fef0a4b611a5a7bee357ae1a848de08fe7dbefbcffd6cbc76db122fb85efed5ffc41f1becf3e0e42bd043000cb22e12af52a19b603dba5b502402072db28b7f429a94760a0b5b8d9f462769a11b4f61b908d29302946c98cb0650066d4fbd767575178fa5bf8e92d076080fcf1c9ad2bd7deffbbe3d6cbe93afb8f2eccfff9ee597ce2ab1950ef004fc1a580edb2975e5d92ef99f2308225c98c1a9bd9525d920d3248f61ebd671a94003382d918ab5586708a11bd70ca283020c472e9785b39dbf8e257f1d3db206881fcfba3c32befddf8bb13bb3bca7bdf7a02ffe56edb3cfef907035a0a04835029ac5370f565ae2ad53defb0da7aa9ae2a00abc1c8e8adca3008205b5fbc5d7245068b3072185a14d7abe0dad545120624438840376fbd9fdbed7a86f5cd67f3c51bd949cbe08bdbabc7b7df7cf3250845b97de30bedffbcbe37f3fedf9f574b711ec553b665cb82baa66db7164dd918da2ae8b9d0a2319a1586ca493b0370efeee58c16ea087ab5bbd79143b411324a110a5455867b7259cdeb2b378f89221d5f7fa67e5c4b5a22832f4c37b6b76e5cfcc9b5411d90bff0bbeb1fbc385af77d6d279a50841009493e25cbcbbc94c9c5a3a6ceea4a6b1a776a8c5e8e718609aa2208c39a4027037d5c25c46c080e43040da82344480aaa942b637effce0610a99def3c7efc43d7365ba8c81770f1e4dee68d17aece5a9c5a9ef8d373cfff405cf63ef3588c369756ca162ac9a64bd82e52c5c01c70d283659decaf76a6a35153450edbce21252754068c6437a0713daa1060c2b94a05882ad3f029b047d77ada3fb9786fb611e867fff081839f5843a92fdae14bbc7cb83d7aedf58f3eb4d4bc9cfbf3872efec54cf1a1cf5ee8402ead2b87b0ba05ba0a4bc98a96d1129131adf39a705e13b7db6c702d6e2164a8cbb4c7f4d449ed267b21638015430341480e5b068c8aaa36e7f1e5a9ec08e9bedf3b73f8732cad4a4b8dfcf9bc399caebffbcae5aba6521afec9a76effd7230edd9ffb8de386906d46d0dd022c155d088a91390c434b8d77973b67d64b1d4f43f6debaa0cea1f5ce8485e02c26e820c41ca520b315088be192610885465cbb735cb632e447bf39de7e0bdd25ba075fdef68376edf597dfbd5951acd0b7bfb1fdef57bc53cbe35f8b5676110083dd326c2b5c482f432322da0a73d6b86197e79e9021bb175b76315d058685e0d01134a2291ac5d661d8cc920458ec2da7ba72bc887084f8c52ff0fd77e8285555f085657bb073ebf9d72fdd9cd9d987f9993ff18f9ff388dcfdd42772e92460822c9465122e6458aba64e73a5756eba314fb09b9ddd96158112505d83832ee49e54c80492498365431521d9f029268e0f0efbb6186678fcdd47f1ce25c532445fdcf8b3891b1dbd78f1173736aee8abeddebf1cdff9eb40c372ee9bd99d84410082240773d6304624b8687045ef9db0ac52ac5409f73203b2a12eb742a038e4901d230b838d847fa53a0919305c64f60fe6a3ea4c20bcfbdd337efb4a678cdad4fe837c592713eebdf1d6cfdf19bc891ae6d59f3e7df92fbb1bfbead30f57f424840870018430ca6d68198445a8bab68b1de3f1124d185b5b160ea92ec0d5bb061b70e448224804699b846cc3ee49812aa68e7dfd6e8995add8f6be7beef0e27b5c611a8f3ff647f7f1f95e8ebbafbff3eaabf0c46558da9f3c7df72f0fc3e971ff1367c326e408aa82324da1b5160cb8007bd1d4518e4d8f305baeaa2bc28553aa7280a0231a4f814ed2366959308c40192aacbd79ef789bf6942b233ff19b7bd3df2f10e79de17b9fbfc79f021147af5f7cf5d51375ce59fa832fe07f5e1c15436bfb9ff3d46c2302e58c6e8260b608245580ed9a8bcb8c5984a2a1b1ba13c2af58002209462200d811844196cb361074d9d610757c715147882b57fbd22787931fee1456b1bb3ef7e43e9f0b2336ef5e7ef5959b553107fa57bfbdfadbe79318f6347df6819356854cda0a7437828c9644a3cbb0e92e2f5b775315516ce86828c3308040442048066c990cf05497ca004d174c8fbddf38dc72e331b08a38fbecc7e3da5b98cf0c15f7d7230ff27908d87e70f3ed1f5f9ecccec0c37f7cfe9d1fde653b7be6f6bddd2fefcff3c296161d5c9c3c15d9821150c106ab34cd94591dac6844a4bb6ce154928c201d04249104085aa740142c1080ee5dab2ded20cfae578f3c7a1657dfeecbfd7dc8656ffb005f30d04f6e1e5df9d11bc79d4220ffe899a39fbcab339f594edeaa273e5ff38c0c1b68d12b90118c163c259fea51d2bc24442f4265043354b42400038808420cc05218368cb424874f154e71fbfe09db49b373bc30e6634fb21fbc3c7a377aacc7c3db7c11aa3edfb9f7cb575e3cda00a2fc5bdfea2ffd82f73d4dff2df8e4a3bd8364d82dbae921838c00680356c1c2b21015b1742b1d1106d32a0168203220478096e95f43da92405ab2cdfae85ae4b05160bd3e0f3cf5091d7d78652773f784e7377bb7f872cd33e2e8f0ed779e3bb86716307cfacf4e5e7b6d75864f1dbcb0596f7f4702d05a29590c466b2061422221588e65462dd9fa62a723280eb0ca007f25c3c50810366cc386619581b0608b071f16308d95dc6dbb5e7de97cbbfe0a3544e66e3fd36ff1256c8749d347bf7ce1cd5b778290da13ff8ceffc62683bfbcb3b47e0271fdc3afa5e2b1b1154448b0060091125a09c7d2a93524919eacab175c26224ed085a8108f768ee220dcea44a60ce110ba6db8752c991ceb6b3ea1ffbc27dcbbbd75cc8611c337c8f2fd7947dd87cf0d62bef7db8e95e8c78e4cff77ef9b3fdd21eafcef3bc7cfae38738b7103032428896090132c892b2107d2e83b2e40a0b0c06693122cc206582a162a3ca802d521208bbb83ebcd4a16ec2d827d7e3e3cf8c8717ef6071b20d4474bea4ce5a1d5d79f7e59b97fae299f4b93f78fae0477beba94b7eef106de7a90bc7b5a28b39c0886c019b326195d364ef2a43905d801c70030d071b83b015262d644375c37200b2e91eace5f6f5b00b49c75067c6fec92feada9593be21a2ad4760e60bb01537af5f7ff5faab5b74031e7fe33bf9c3e563eddec97a7a653b5abff1e871082e64a3909900681b5015d3a484d91204d1ee8a088086813182963c9884180ccd0a770236402f91d3f1c1ddd65d42c65ed303ede8a9cfcf1f5e9f379b54785c456df83c55c0fb8787572fbd747bd852f0f8f17fbaf3e2ddfd9dec071fbe376a1bbb4f3ce20e5b91345a42ceb461ab17c30a3317952c8b402f0f1938653b2369d923409a546851a20cd90c16b4000737a21ca5dc991fe27adcf9e4fddb9b77bc544ec35216c017504be2daf1ad3b6fbcfa61dbb0a2dac7feecdcb569bb19576f5fd946a9560f3c74de22448633d385683e257599550126d505590aba576bcd007d2a2260d00049d07417694806831d2a4d47f7aa8452db991f1db87ee8f1f59d5b0791e4bd282d4baef933a0db8775f5fa1bef5cdf96402c0ffddee327d3c1d14d5f3bc0ec675775974f0a0c80818c8041fa94aa4457d14e4a0664935445a3cc242c9220d8856000619704d2364058ccf9d6510f4d4bacf7da6a67c8f1cc03676fde3d640a73215549fe44a3a63e0def5d7debd28d9b318ff3fae491dffeccddeb58bd749d91b87076efe6957eff83990d60f0d70003b2541a549d525806618540285a972303200093b0c0083824558161183022ec38fee876cbeefb9e7878b5ef34c6bdb37d730ccd2dd304b1e54b824acb76baf4ee3b970fe61a23d6e71efad6f107f67b1f6877757e6f75f7ca51f7b987711f7b6312011810ed12895a440122e4a06c0b6000044984e56814d2a00a6908961d2a278421e4f1e4d24c6f9efdf4d3c312390c6d8848cd8b5de3d84a28fe5fd0eabd2feffdf29d8b77ad38b3b3db767f1b1fbe77f3a376ffd8c7d5c9ed3b4cefdf3f9c1d404498bfb6c09248a9008945ca4011b0810812301110d820861452a46d58366c935e89a9aa4d5c3fdefdfa271fe2c6641bc646545f0c446b658aff7a8e9044f8e0a3eb27ec46ae86fbbe7dee83b77eb939739e4b1b0f8eaaa1ef3cbcb31ab3081acc24174865b02c40a061093611908211690948c0041454059c860dd9b469931ed372af9d0f4ff6bffed4f913588e363646b02f8b4de214bf84a0818c8dbcd9aa87da0ec76f3c7bf4a3f71804386cc165f1fe437b1ac76a91726402b64a06a992118deadd00c1503982912a834103961312892cdb92d1ca61456ac54e2fc3b979d879ecfcfed4602333c1d66a3b9b3681e0e7d382492e1d35cdcb00ec443cf315fff8d21a8697eca9a5c7fe855d0dab5a679323688525830c95844ca8249300ab94110ccb240cd202698711b24ed9ad402087dda59bdb7c74adf36787796f5d3018c12650b3183208f24bec22697063687bc2b68c7b7b0f7f23de7c65e85a18e8106b1e3fb18acc1a626d3220c18649c286859069cba0ad724482108225460854d8b4225c521934c11c5a9253697cecf11ab9e0cce053cc8cb4a112089b043fd3e44cd8534f6939ae1a76c761ef1f9eb9f993e55ecd6d1d56cf79de7b2ad698a138138c802118bfc20221a01c81020c4b0e306880964100e170858a6975d964506c199bf5ceb157b5f7956cdbf9ecde1410dc5a76c252698710d2fc7c8911b2156d33d56c458e6776bfb57bf477c7072b82d93063191f3b53fbb589ca31328220fd6b886e10a0cc801105c306c4000d850c8bd142c52adaee82998d850cf465c7439cacb1fff1fb726fb73a016706508b831a13629a4f2396331be6e2c1db6db773d859ed0f4f7f62f3fd0f2ab5c220714b3f76665c6961ba0143ab4a93b06c072180a1603950ac62738141090d920d225c625ad50df7c860a3c1b049139ceb78f7c1071e7980a97b6bc108aa001239b8fbff039c6aa036e4777f140000000049454e44ae426082);
INSERT INTO `image` (`emp_id`, `image`) VALUES
(1, 0x89504e470d0a1a0a0000000d49484452000000aa000000aa0800000000181d8b5e0000200049444154780124c1dbae6de9751de6d67affc798731df6b16a57b14e248b62b102496468d386a5d09443277600cb8811204f90ab2097b9ce6be42d721104c88d113b08022396652ab448591125521245892659c5da87b5d69c63fcbdb796b5e9efe3f70dc337ffe13b7f70b9d5eecbf5bc61a4dba1c2f03603cd8cb94d135d064c49b6e130da02022401781d399887b10c4604a23cbc790122dd404fe0b668b7c4a889922cd3411b010884410d90e338d72ffddae7eb61776652e6f70cbb5efdf1bf7cb1b4a797e8bd2302a0ef7515481de274166c0900b9dbb20002260099c18870ac8bc79a0b96a4232da3cae95c68835b68dfdaaef0e470a1bbbae5c8b00490c43d1a0473e47af1ced71f1fe33446dae0f7a1c6f6c3effef1de427964cd5e49e19ed42d0017d1db262bda20edb224e335d3709811c88858562c6b0e07229628c9921091003334b79ab3294808754badb638026e9b240012f71823c7feded73e383f3ace24417e1f3dfdf25fffc1cbb8e510925d0a5a4db0ab11a4d7da4b86c26640ad564384610a06c9b8c7ccc382e5180bad5c13bb24409d209163e1cde63e774802204dab65d9199464820092788d99c88bdffce213c605ee917f88aafdaffed50fccdb6c33a0760060c05b354742739b0c044512e8ea5603a4208a841819f7461e172c6b8c018dc5b3a876b8c22433b3f6726f024a0109ad2e4936839600e25e90801119bec2e73efa356f6f1006f8efac7af56fffedf3dc77ef88b02d937948d7b98a23d473ef2062d408a9d56535c890643202c800471cf2b8462e400e8da8dd811221201804b7c0dca7a172b205f4acf23d10b61180cd7b801199f4557ffde13b9763244cfea1bb7efc7ffe7f1e9b4e60040c4d3097a85d2d8e70df83cde4c2da5b6e596050f78219c108738c258f87c8c56438d913e196712f33207be07c9a70b52324b466970d01c63d02064002468cb40efd9567efbe3196a4c9eff5beffebdffb1b2c8597c9200d09245d73b419414f49463087e79425db60c0b218c1082663c9250e2363718208d8b2ad06841c413981dacee56e83b05bdd92d5b8671824008280119975dc97c75f7df8c6e39100f9bdba3bfd6f3f7cd1a97c990806a03d82b67a69df83db5264c0a9d940cb3648c016ef253373ac63e5121103e160d8500928bb1123c3e68cacdbb32899b4f55a771741f81e030041c08e4ca5e7c5c7ef7ef0604406f99d7cf96ffed5cbeede4e4b02b4e4c8e806b9ced984da201c116809960c5b06878a234564e7a3432e39061a63102605345a80d5cd653148c9e8ed8c6a26ba11d0bedbdd720006cc7b08805264ce03f7675ffd7c3f1b3a0cfe41ffe8dffcc5ab9af37c9707002e23692107517bc356807430a8962dd9f03d7680b473a4787d580e231340a449a24d5a32ad6ec4827b3243db79ef06c346a0f75d764b004c032410c4bda039b296af7c8d0faf1680dfdd7ffffffdd106b5f768009e8eb41c6b6256950d8f08100cb764d9026d032090f2d82fd6bc5897652123003892dd66da6dda6d39066c23d2db76ab068200517393d1920c53206147c24cdaa9c1f9856f653ebe82f9ef5efcf3efffc296ba04022e24258e7497ba0d30234080dd16048b8061131e431517c7632e63c44044d006036e23601970a38a2b4502ecaadb962360035d5b0b52cba60d1256269a8385ecb1eecfbefa0eaf2faf82dff9d1fffa839552ed55e900cc80cc40b72c832418040cabdb000cd0b0111c593d3e24e53c04184900b4414841db801bb5738d0ed25dc2b6cfce41c876d55e965b0665046945b09128c718c3cbf11f3cb8e4d3e0fff3fbfff26f228ab5a12406118404da6e03242106683bd4250001033082067c78f806d3ca0588089048c96477046cc08ddab1841d449559e7bbca65d06abab65d6d19860d06ad08cab4c22373e8e6bff8fc9bf381f92ffe8fefdf4e9d31cf1405064948b000c12461f19e0db8259094f11a25aee3ea41e6c5506491110c90b06c55066d405495931022540d9d4f3b9711b90b51e7b32c03302c042d046183a31199ae5ffbe8635d14fff7ffe5cfa7fbc43a2f609b410202ba45c0242c8001c06dd90cb26de29ee3fae188658d634c8ea683190003ddd28c081bd0e86a936c47a2a634f71d9131f662d6e92edc26ec50236835232c0c8733671fafbef4772f0fcdfff95ffc2c7b2f69222c81a4a13660f335db054452720b1181b282187beae1b3e5341ece75653b878020c022a16e250181f75466b861d3734a732a32d032dcb3b6026d85c5808a080004106424b7b7bff19507e0fff47b77cb3c4fb305abcd201a0d022648c816388667d96610de96cea5003e7c985e2e16039901a44dc26800960d08241c09c9b00332d49b54d5080a8655fb3e4d5b20084b44c020081291ecf537bff116f9dffd69709e76d06adb8081b649da0c0016845c469f37238250e33873e971e8cbe318c703a3c59144b6193664d800dd4684154ccb92036a1365d5761609d0f7ce73b7d15024e47b04897b0418813c7ff0ad2f93ffeda7317db729dc0546b85b02481a0e103684c8e86d071974f76027e3d185d6c37a584309581ce93603806d18a4dac8b069d8b40b6e9984dce753274858c2569b04410cc88008040c02600473bffeadbf75e03f3d7bfa742eb83b1864b51a24f12b040c987097c201408e5a2efaf82cf4f05858b318e1760e494100840d0313660440590c684a364c8bdab72248488da9bdda86ef81304c02c66b8c082cfaf56fbdc97fd8c4b69fa76c8769c810ee11a00118a021c9806980085e3fc0f1718d480603364900b4099b046cc30512204020e09a2d04c4003cb7f32409a960cfd986dd32030288d70c80ccd0e5f973dffe887fdfe9db7d9601036c9b042090b00903302c1b6c036030af8e97c765e8c19d2ed6f6b0c0a0152620307c0f4613800d679256cf16038d152af5e90e0e586aa0aa05b704c24e13afd90022c8b50edff82d7e3362bf99b311b448cb401a06c802010265e39e65801171f1d4f93894c784901041d8a0c8b018b46c106d0092b80cd8f06c9392e1ee88edae1ca4ba8b3ddb76d9808d61dca361180c26737ef86d7e9b3d6f7a9641c0342c0301c23241c05a76d8ec51dbb2e8d09f3bbd735149ac1c14926ee2b5e8081a262d052c1a541b64800476197077d8b2bbf736dda56a5b2daa050304036ab24910a42e717efa3bfc366a3fd76c9368c08021d3240c82b635311ad1616bbffa52ed0fde588af28220404284619041e29e20916e905423481ab02d18aa966db835d5c550cf865565b4011b74c0364c02207d300f5fe53f9cb3664f81b66c13405b8a24405a6dd831b994b7bccce3fbde9e5d46bb3d00060c10860127091068c8a08508b418206cd834e0aeea72404279dfb0a0a60c55352c4010010216090864a48ffd8cdfbe696e6e00d5b0011a96151910e16e302614397d35debed6c53a9c00e5c58a4483340c1a064190820dc84142024500846dc0eaeed9c176cafbd6a06619ee96d5806080b40d80b603833c54f0b76e91251956db006cd3141336ac46503548e078359eb22f2f157626382426da011824d44090a06dc07618840d116652166cc8bd152126d47dde9d734ed3edee366c82b40c103400328673e7d737925d06e03200cb60986119969074a57a3c7876cc4b695c2a840c06651036608001d90806201bb64939089bb619210a36ec390b36c26d9c4e1a9eb3617976190611b40492800182cb3c4efe4611510dd29a36601b09322cf91e10a8545c3d7ef31287c8ed903069d0800d5ab449a001324058860d520818a45bce006dcb52ab6dd86af5be35a35b2ea1ba619b26610301d306c0f0427e5c039623dd55b671cf0932ac82011b818bc3838787f5daf2038f3d1d28a09312c21d1608378008d021c32203844452d5c80060b7ba09cbeca6e63ebb9a363cdb6ac136ee118009c3c66b0b067f7d8783845a6e9b768401126accd1a3733f8c8f1fdc5c1d4e57b90c231a01191065e35e1a1208190c129464067e4580d3737249cbe8426a562cd8b75912bba665196055d90661e3354a06e00844821f6f231574b7d002e1a009c0f63e862747f88337af2ee52522500a47a06dd89241328c36081bbc07433001e335b3c3d50c467557e73a5dc5ecb9b5c0dab7342418d56d00210bf70c1806c80007f851434b50d5e634080441bb658fac980f97e3c30f950f4ebedc400b8c0a5a026d992402860dda000998000ccb2000036ac1ca65decd44f58a4d599bab499db7011a6da91b0029df036cd206022406f9e5561f833d0b6c006480bea7960f32df78fae4ea0160ad4e74430d65a21b240c024800362918040cd2845d30003ba5d6bda6543d6b0c9638f7ac323d8bf7d092d53200fa1e0011800127bd043fec584dd42c046044c012485b01c5076f3d18e8abde566f6bb48777650c7a2ac2068308c2066903a06d0226585083dd29a925f5ad2ffcaa0f9c0542504bb0dc8c805b50b700101040c8066179a132f825c71050d56418665add000127f3f095a73c2f5aef78dce2768897d841447a3a53768c0c4518206818b40dc32065355cd36aab5b5db30038f61ee1e6c43d359a4142b6bb0d988000d22d04240e2ac08f2091e83619b6186ed872641c9f5dc58391f9227b1b2bc769ec7de83d2d0e748e142247d29104401a062c1a3600a31b9e9b66c3fb3e4f17f3795ff3f6109174cb0061090ebc66759bb40d0a0c49202d0618e6575a142d83a425869a84300e87eb278a75bdb5c6f4a92feeaec63e17f5da8525b8accd5c4602cc0cdc236c500a188221a8e1fdec7d07cea7730d4c31ec35db11b01aa40511f7087599140c080cd906081199e68786440208b265404206723d2e17635d50824a804493f384e3529015eb617fbc68a50fe94c4808306cd80a37d2a1da8a7362dfd5dbd6539673113bd2ce005aa03ba78342d2dd561bf7083b7c0ff71c64f04b6d890c12b60cd06666e4bae671596058d565da667517a942d0635d759d3e641ca1c88c480121c3d1840065cdbd51edf326ed7bb52dc5f0981811d1266400534836827049826012aff91e00930c7e28bae08880c2366c2c11635d9688c36824aabb1a906a6fc0ae6004b02e3892c71c1732389675d8800de7840d14a4ae32efce9b3dab21d899502e9818e8a4aa890d11682388ea368b00efc19605058120bf88b0d4660602160c5e02635d17621d32555095d035457643011218631d310e8cc38011631d61c2b837bb2bc200fb74f27831cbe896cb64d2e370e8cd034aaadb3c93500b4174b750041841d892ad20c8e08770513622a30980c923b11e964406dd92cc2ea99a153165d92063e492635decb8462022b990610434e7b6e78ae3ec793e4d9e65ab0deecc5c5057a09198224119b7605b326d4b250188206dc3320c30921fbaa7c9000304400ec6582e2f57a275cfe44e58ddf6e6b4559041668c5cd78074954b3088c14c23d05de72d161eefee0a9ad344779b597958d6d0d2ea0eaa0586a46997e9b60ca9ca00c8806158860cc6e017ec69469060e05e64acebf1f262899aac5286cf606a47d44949aba06e38b02e6b72b0735d2282cec8308836f68d686e5be7d006b35b26bc1c730c8659e71e315b816e9b5da6671b7057c100081a867f0564f27d508099a46d3272c49b6359d740c7a8530fcca918bd6189b3d10d47ab210063210f8bb02c8c0032921051c8de3db72626020db96d7a705d9a23b232bba52905da106a3a7a2f027d8f305e3360d8060c26df25839049c0222e869e3ed1d3b83b0cd8b35a5d860d46d0922c714a6a918ccc1cd1b9041931083b88095a734ed83223aa25001e03b110436140ca9e6dc9d43d68df6042d556a019ae00fd1a2547f07d18019b048a8307c65befd7a5f72511dab7bdd44d80b9a42d80d6d6b6e654923122a81c41641000d3366075f504600036641087341248a6e456aada96ad7bd6dc6dc3ddeeb011e83005db901dc12f4aa201121617465cbdf7ac17f360b0b7d3a9c4190463042c44009a55d54029c6481a4c062328c748156d58edcd302d938411cc0407234f29590e575b55226cabbb24bb85068c006cda820d83e497ab1b060938c51ccb9b1f20330fa3a1793e6f429cc920e9612318e4dcf732b18bb984158c0866c0c811aa3600b7674b01c94112240318e4982185cd73dbead90390645797dd860c9b840ddbb0718ffcca6c090069503c1e8f6f3e9b179117aee8edbc17c8339c23d0324864baab25b56d045a07268319208354d900dcaa6ed06a831186198c35321b5389d20e8f807ab3d56da34a96fc2b00e17b300dc0e0576643060840ccebe3fae862bdc658dbd1e76dcaa4246450bb18640c7595e1160cdf5b98118cd700ab43b0dddd12a0aa3018b6118835220b7bd17b25319640df18b080ae3224d9864402be877bb4c1af94d03688b0175e2ec7c7ebe5059768c8fb36db604a7e6d94c600a99ae58066d07204228211cc0807d5a1d63db725bb66c080e1400b2a1eb2cbde1d3047ba26489a51dd84daf03d81066cc320ece0c72db70c22e0830febf5e70ee382ab77ef9c7356231c74577b6c1a0be58004d48ca44a3910116480115c4282664902542dab4d4806cd3655c44201a22d8c70dd1a0181a3c56819a6dda000c302403bf8f179bb9a3302648f5cfbe2f1d5b37171a9b36bebda37041491fb7e7e85ce4c9f7db54de572c1198109e49a1d0b115a234c84d1fb14204d60ee73a78f940beb76e461dc1c347973b010c81c61e4b6cbbd17e06e803083b21bb40c9380c1dff0691fe500031c6b2ec7a71f68b9c86d9f3de76c08fe69c6d67d4264428e754ab58fc523883598078c90472073a47b1e20a9e6c4d66af7eef41e589e5e8dab1af8ab179a713ec02483c1e05a267bd62b40253b1d41d910604301c2e047d927084132703d56f2d9bb1e17dc267cba7d71737b5628628fdc99199ab95073efcec4155bc1e5803c8ec6c885702e016b2fcdd2b47bd29b2ed95788f70e931b6efffcb3c38c5a023108472601067bf66675b71ccea4e49040580461f0e36e6f6050483fd2b878f0cea3cae1797af5fc93aed95c96c198eb61ba9a3a63d1619f56524a70c8117979cc48685d2800515bdbc68b64cd18b52ec1753b3fc9bbf389f379ad1b942b99b033934106ba555dd50dc039a87658006c1330f88f7ffe49cc30585ae26a1e9f3d79b21c6f5e7dfa8b57255e8ccee33161eecb7aea3a435b2502233a0ee3edf38b3b5a58665c5c1cb2b9ae23829e55ea7d2f19e071f57a429d375f5dc5f9b956cdbb0dce07c39b84cc40e648d8bee9d70c2046a84cc036d8040cfe0f7ffc432b1a51bcbc3a8c870fb797e7f327fbca523c7ee37152e71bb637f084b949ad6575c588f59897172b75deb1bd3a733d2e7aa7f68ef03cec53bdefbad47a753c60d7adee5ee1eae1f0e9b6649c76c7f2d6a8575d8a2038d6a45b27c19a652032d406691914019bffe38f7ff4628bf6a87cf0c618e9e77f73d238e2bcbcffb92b6e2fcfd04e79abaa63f569731c2fae5e9d308eab1f5d5fb037afa7dbbbf34460632cc785d67943dc1be3c1e3c53db59f5e6c5c9fe6ed6dc45d8fbb89b17c9077a79e8508648e08abce46f43e3b1c41d926fd1a01d8fceff5931fbd1aaddcf1f029cebfe875ae96f8f8f36f87eb74b7d5be4f63db2b1e3df0f3cf7a1c2ed6db53e7f5c3b582eb6508dcf7db1777ed483a0f97c73add35cdb8383cbaaa3d87f4cbcf96c41bbdbfea65dedd1e0b63f9025faae7548e8c2023d83752689f4a4550b661c2120118fc676ffde20f674e440b0fde7afe7c2d91d35ff8f0d05e6e6f6fed3b9f5af278f8f87abbf9b37995157787d093671737275c2ecca82c7ffad75ce650faf06cec37a706514f9e2cbda203f1c98b457838e6cd16dc3607e3f22aab889e5896619201df9dbdf46d8d6686e92903b0211230ffd19357ff1e3945633c5aef26ee5a312ede7c27c9d3e97c0e9cb1cf765e3c7e1cbafdf39b3c401e757cff89793a791d9402e3f94f766c0bd6589ff8b44f89da3e773dbc06b0f1c5cd902f0fbdd512fb6ec8878b2c04ed58c686801da8bdb59f2a560405cf3600db0001f39b57f517a6ca588e6bcf3eef8bfbea8de31bb1fac5be6d23b79855441eeff5cf9fbf5ad4cbe847ef1d7bf4cbedf2a84ee7f1e6272f8b6e62ac45d3a2e7db8785b9865be7493be8e943aa4fb0d7833b4d2092262d81ddbdefbb7114d0f66cc080855fe16f67bcb86db5b93c4c6ca7dd98f9e01d3c59d6f96ace7de49edd663593d7e37cf38bb5f7651d0f2fbd64dcedd76b212b96bb9f3e57cbcce3501742a69e2c87e43ada251b686b6a5d827b44ac599592c1401052837d6fdb19a3ec924b800d1b30007ecbe6f3bb16b0bcf1e0ee179f8d45d94f3fec8763d9ab5d89b3d15de71d592b3d5f5de1bc5ee4daf37aac53476ba99dbef9e4251ac7c3e1b0f874eb983be372b91c315235110a165cb58c48448c70cd901119302cb7cdddd86e71c4b44aee0e886d9806c86f97d657bf6c43eb7b4f6f3efdace67cb0bdfbd508408934fbb65b9aa77351b2713e862fd682fa32131ccd8bdab1bd7af98ace4787916adc8adb993c8ce3b20ea29b1451a29564001e615b7664266c355be2649c5fe182bb556d1561c8365ee37f6e2c2f7e26a22f3f7a8043bdfce4afef96f7bf71b96b86b908f3162700ddadd38c191b72646e4c8c44642006a76f5e9def38c7e325d722aab7d30c8fc4fa7041366094e541500ec891c168121101b7644b1671bee581d39aed2e18860503307f278ff8f9df20ad075f4dbd79d4fce19f6cef7ce3f1e673a4a35ce7b89dbb4498e7b1b1b57aa7329547c78844c7a6cf6efbcc55d78c4b0c70beb87176b29637572f480b7bc183b01c6e6704d3192481905a9211acd3892326b4b754b00d0b06287e7bacfae467ae85cbd7d6c37be6f1ee9ffff4e9379fdee20e6b46efb3fb4e5d5d56a8e1362d186bce633247c0cbf697e775af99d7ebd5e57a3ab8f037a7f05ce619ef3f2b0420ab2b1c116af48c353a0e64100421b54dcf314e2fb73cc2d55daab688160ccbe4df1b4f6e3fbd9b15befcf2c5830f88e477ffe8f23f7b58fb69e6929e2ddd6aee55e42e110229104b36972471efd52f6a99655c1c9f5c5df4e1b42d779f3ddf96e6ac076f2f8724daae9698e1c65e5c17c620230909960d6a0ff5abf345daea9a55b608c9a265f29b974ffff2d3d82beaf17bd74fdf8fc0e1a7bfa7bffd0877e713d645ddc4cbee6d1758325e8b1e610ed4b250004e3fbd5d97de80f5f8f6f1c8e3f93696979f7ce6c89e7af7fa72d092d52d44c07623478270ac03ddb60103a5f2ed768d2975cd5d68d3f27f14fcafdeb8fcc15f51157cf88507cfdeccd5cbcdefbff8e86d9cefee7a246cf856ae59edb40003e8255b195e0604a0fe74bf1cf356d7cbc5bb63e4c056ebcdcdcf6fd28dfdf357e340372cd900010c1b1116cd919442020ca3797e1507ce9ab3aaac366019864cfea3772e7ef1fdbbdc735cfcc683f71fe8e0d8bef7b3b7be223d3f6d268272595257852d004665b64646d0a01d7f5a17f3f6c4c7c7cbcf25d366e1c5f9972f1661d93eb888036dc002219964044068c8b8a7219980ad8b4f6eae7bf4acda67bb0a0e09a26df05b5fbc78f587cf97738ce3df7ef8c5cb99a27ef8c3abbf85f8f466567384c52ec0aa690ba4a248c59a844548fd1fbcbc7cc98b274f0e4fe9287ac6767afe8bb397657ffb6a5948806e1292093209039001d021210003e3e7fbf5bea85adbb6b7daa644c1f7f83b5f193ffee11d27f8f83f7debdd4551889ffd417cfd2a5e7dd6fb6406a92e93d66e08840221c462c286dbfb8bca972f2eaf8eeff2d28c1abd479e5ffcf85487f0d38717fc15088018561aa4011919b42033d0ca7879b30c905db59d36750bb020fa1effcb8ff8dd9fa06cbff3eb5f7c028eeeb8fbbfe66fbe19db2fe73ecd8828cb007c4fa0ed1c303941da966e6e6fe3e6e5d5e1c987bd6064e3d067ee777f7e3e25d6478faec08820da36325d286702617319a882417af6927fc90773d53af7b9ddedea166059840dfe930ff28ffeb2241cdefb8d2f8c254cd8dff9ebcf7f314fb7a79a02488106d5062dc138663951747b0cf4cb57e79f65e4f1adabcbc10cd19ed39edf9d95578f1e5ef671ed262cde03d8060d46f035f7ee0cb7e3c1cf3ec3f1b86097e6ddcbcab3ca041a360cfed79fabeffda244e0bd6fbcbbac01c0faf1771e7d7ccd9ff73edb360334ac06090bd61a72429d616124e64f7eecf5cd37f378a0231c524dd7fef34f4f8a779e9e1f2dc3069c846dc272068d9949408a366c46bd3c472e6bc8f3bc9da6f66a01100403fc6f9edefee16d21b8bdf7ad37d7350079f7fffdfc6b8fb6b8ddf7b68c4418708304649301138641908cf9272f926f3c7bb8a41a04db9a3db77ef1c9298f4fdf42640a5210b623d8ca746b459763199b99bab7fbb0d434d8db79ef7d535583460306f8cfae4edfdbacc8f3bbdf7eba2e342cdcfcf44f2e3f62f5beb5857b41023261585e0540c0a88e2478fd177f94c7e3a3b7af47740b86a0bd6a9ef5e94becd75f5ac42419262d46e21ed5ea1170b70f20e63e3b97cbe57c6e736eb37adb55b341408601feeee83fdac2ce7ef71fbc3112207c17cfbfbb7f7441efe76a81068334c2f03d2cdd0119008918e3e6cf3ebd5eafc7a3eb91b66c883a9775f2f9e54de4fe35c11693a4840865da2203c618839be6f9dc8e0b0c9483db36dddbd6dbac26411986f8bbea1f9da9627ef0f79f64f09e6feffae68fc657a9b9cf59208c0800033060bb150148408ee1fec927f278ebe2a173001642d45e90faee76eb7d7b6f39aeecea0309906086da6464267bcee99e8a31529023b59d66f469f3ed2c81a06043fca7f3f6d36daac52f7ff3610441ea256fd7bffeb3b7de8134ab403523c82009b85b3633ada1ce63bc7a7e93aa4757cbba0070dba3c1aaaeeedb1d3775fdfc7875795cb45f3032080fa8413b7bdf66b516662e2350a60514ce9bb56ff354d5a40dc316ffc9f6d936efec1d1fffce658661f416279c7ffccbc3bba4d48ebd1919110ad25d153696a13e0c18f5d92f3fc44fce1fe4e178ec52b59d8550cddd77815b2fa750f57299bd3222208d2a8f746da4c1e440e492aa00bb235adb79cae7d35ed5a06d18367f777ff54aaf9673adbffef5ebc85419db2c53cf7f7ecbcb474b754e0899c90cd8b363159601937df7f284c3611d3fe3b38d6f22a82eb96dab5b73b7d46800662404c26a85119901e508448edd004904544c6876f7e96ee7ddec860cc380f98fdb79f7d72ef1a3bff38801d9d8bb6641dbeddd6d8f25fc80428c75445acb60eca97dce7d7f11eef5ea00e2152fbd1c0e01570bbb2d753776a20b6e032403808da0c860904ed2c86c4b42c4b00be146559d6fcf9eb304198601f3db6b1fb61f6c91feb5bf779d68877d6af7def4d5feeaa674ba590839d7e5c1f53178feecd5bad4ab7d8df6e5e8b85c51927979358f8412a7a69b00001c61494441545ac2d9b25ad264eed32121a848004644ce0c1a649a162200772148422034ab7abb3b976609362003e07ff2dec53abf7f06e6e77ffbe94079b8cf9b43dd95a189f4fc292c21b3d3ca04f7cbd870c8c221b7c911a3437c705d03564bd82ddbf2be81b53bd818d1310c46d030933010864dd2846540a441f95ca53a9d66570b062c03e0fb9ffb7cbcfaf76af77bbffd74400a95ee2a9396e196c159d5e03db72caf3150863b5a20c80385e5b8acb4bb25b7ffa37992d5308b23100bcd4c4a0906eda66d12164cfa1e20bb8559dda7dbaa6e41806d00fc787e349effd9528c777feb41d2524fef4e92da9b23ba8c7d9b66604870f3225505d368877a2c1988cba14bbbbb6df99e2cf9dc0db0ddc888180388416b1824d46c0394a2e5a06d18565bb3a4f35d9d5b824cdb00f8a5edbd67a71f2c9bf1e6df7d9b89eeaa76a6ac1a7b3120e7dca74d88844b436380a86e42bb2e2ee19587830e2d75c39060b784aa5262c2063323981941d2360c4332ad1e9661580068699f526de7be6bc9026d03e0e78fcb17cf7fbcecf4e3bff33964a85a1603f46ed896bb2ddb80a98a40607877a0a7dbcbc5e55afbc1bc0220b560b608b764d45e893d2c6124bcac831101586d5292e9ee08da121a06247b76cdd3d65b4b16001b00df37bf70fae4a423d7dffcf2d281dddd41da80d5025cba67e468cb20094232b8edaf9ebcfde4ff2f09ce9a353dcbeb00af75dfcffb7ddfeeeedd6a0dad0121062121c009065c41d82e43cab65c6013c715db0771552a47f907f917f90539cb71ca9554ca09a938010c12c2208318c4286b161a5a520f7bef6f78dfe7b9d7ca6e7c5dbdeda46841718812585526513d3c0fb4b6a0bad97295494423444b067c9b943050d230c326e77d62d96db593655b2103e407342ed5816a9a1efbc45af06289340cf81c50a32c1899b6058241e89c0f279b0f1fb552a91041bb6493ac2143b02195b3cd52c9d1a24d110c184995eca07b8106edb25d0adae83d96793e3dc82ec3a60c900f6b56a855f0c2231fba50548701d82044801e5d45000c42060808568d3a2c773f1c4b372504c376ef686174c1dd0c0904e3205903935a9e231001480a426318242d01ee8309d762ec666c4f8db20dc036c80fb2c401475e7ef8ea4501152260235804a831241206c33040a06057afc35dc797d6cba15515235c857ee03adde60a2c95b4d4929a65d48c09414e532209c1768c72a06a8261c3d50712d652de2db9df0e976c1086005edd005e22acbb3e72e7453b1ca60d3320d846d5301206711b015b46d558eebbe4563dd00703bd478c252e34d73c1a7b2162f43c8aa51738664c2d10d91a3251865d6330d34a0984a51a22549e3577ede661492660c0e0fb1a8647e4e2f77d7475394487f06b444132ad2e24011a04019405ab6a39ba1a73e561ea15e1be5c08f558a70fbd9225276b894df4123016b696119901b4f4b91224211912022a789420698feacbd96c4b3261c2063ff56e549563e0810f4cf76c2c851c0464c812084b26402300c2006c57af9aee66efb9a5c0b0c68a32122599b6c9b2408286c660cb4c46367a0a1bae22aa1c11366889553254dab97a3f9b650b3640c8e01f3c97d3ac4aebf8f8befb2fa12aed205db221216856010618346117e81a7df8ca7a77d47b6f222c682240580b6999f48270c7947475456b11885c652487096de188a0719b64ab8c50e76e1cba767bc186611032f8e7cfeeda5039c9df38bec84b5ad6dba935a33458361051304a48c220e1eaccbe74e1ca6a719fa579c46aca30c90c97c79091e9b96a59f2e8285143992de069bd42930159dd8a0ca26c184615d095f0e9a10e873e68cb2004dae6175f7cef68316c1f7de6a2369b58629932e5aa1125c311a20d12b04040366b91068f6284f7dbd34298178e093260ab0cd7501d86c169bd9a68a1b596749b268461ca2a1b840d13e78c0177857536d77ce803b20cc2a06d7ef1e6afa0218e5a7ff2eedde5cd54069292ca9064336829088565dcc65a16b0075168cbc92c705ed697376813abe80160de2f1410d1b26573b5f5d45a802d6880940403b6049004e06e97a0d82d63bfef25cb06290006ff52afbe95cb2151f5e087e2e231c206295b70c936c2bd220da4cf01881a4b2785412fc1a586bc1c2aee8acd85e8832849cb6169ad59cc4486341dadb335808441d2b201c2769104ecea80e48a43ef87dd28d902020518e05f6d5e7c01de47c6e1e207ee6f57e6163d0dd84649b0c9da6b6ae2cab00da0ed06ca41cd8c43276658ae79b9cca30b51454835c61032a4086406d036ebcc867f12f439dc66c080217b0ca4ad518751bbb954b600c23608feeb4bafbe3cda0cb4311d7f3c8e35656fb22143b66152876a21ae0b800d785b1394c1bda7b19b351a8ae901b75518215aa30c3308f5e5526b196d6a8c204010840d076c19a46dc91e85845d75187d378f126c9ca30c824facb6ff58ab9923bce26317784723510264c0028c7095ec0831201b3a20091252e0b01b0a5764c0028200c22a90c1165aba2e32b3450b830c9201ff5a1092494a50191a0e011e8765d9cfa31330ce5106c13faca31f229756c6ca1fbc6bfb1035790894611936a9ac599936d3921d1536a36ae511635195d0405816c21574393292a9a53617ca60448b32980ca62d9f23c37650922d23ba50489fcc4b9f7b7512a6014a20f8a5657985e5731147f991e57e72d50dd9c07019912e4b02e92408dba4ed08f91c8c812ad02a8e8196aa0839a75042c6d40412481a4c32e9a046198880c4b04a0204dad072d0ce38dbda5eb903207c0efc62be7a8b25cbcc6975efb8ef7dde4db62563582629bb2c900e82b482018b346418286bd8b0ad01d24c82911801032d6132182c32098219aa9211112a812e191669b996b9cb7572a6e0a4013b60d8e613f1a286aa6cc6a42b775c7c708a615b650f01841c25e336c20823d82019b40d07a0aa72264a94640719010c041c918692498811512033a8513599e12a37d9868ab46a2c7dc172d81f2a23ab20076818fc83fd8d9aab643374e18e151fb972b06197dd0d1072960cda24a4008309d9266438b9ea5d604e1a6e5e0a230812900340105230683232448041976a330418260cc06558bdf7e171ebcc1a112c514a0230f8c7ef9dee47494604a6e3c8071fda4e86adf2b010b47c0e30d45885160461c3806d44acfb400631061a9602820613322019adcc0c9c8b0c47d8002c4c6338681608d01e90465f8afdc68951e99028076e23fff2da9b3b540988485d59c7f4f1152cabca522168198661f416125b1a066018b011910627f6ee8164151c34a2d105f75e5c8b11491798c90ccb260c9418100c0284bbedb1cc556377360f374c1a06680320fffdcbd70ed525c39cafdc49ad3e996949c3b20aa40410323022ec48c2366183341cc188c8ec7b951992011819a0ec3117578873e470fc1a2510b6e508971330c31e658cc3612cbd1ff61dd1363a88306c10fc0f3fa8c3be0fc9664d97ae467f74b3b2a4824b325102c312028419006cd036220447c494cea90e7b15082b2d30ac1431968a730c907644901112481972d0026923ec318c71d8f7da76cd853abae0ed20141648fec7efdeec1abd8f02e4e3ab3cb9f7e3e4dc236557999041a89039702e00c22668062d805e377185d14f6ae2826689ab56873009831c9569031513152b116268a441420ac9f4b962cd55bb71e8870e6a736fbd330321c020ffd3dfbd7d6b492c878ea4db317df171715440b60aa45db6001280418100c8805b4265e71460681987124085cda9a14a8860448c01ba04a12522032a30481bb094250330e45ac6b2d46eee5dd0e507e6b73a04c200f89fbf726b772d71d80f04261e83fdf32b9a51835d05862d15082b897336019219135ce54833223586e7b2191a6624838b10c908ab4c6ad84666b81912b28564480e49044c946a3e787f3a5b051d7fe8e475a2933000fe97ff7ea83774d82f3eb79eee1b67f3bfb8dfcaa8c15e05d0a20a84144480020d929941da32c20cf692769a5c39c16c2cc7de60003021060aac626385235c6ccd3264876518660ce1b08fd39b075ad4fae3375e4ef6300c80fff5af6fceb7e6edbec3664c8f2cafb5473e8a62aad8250156c8066c2082366c909872b211b42d782c153e60b2a7b694935594ed08201bab00456838612a1a0bd10c03060cc036a20b873df6b776b28dfcf47b2fa545c300f8d77ff3d678f7b09b7b2184e95378a1eefc4c8303e25e126985cf010883806181c4b46a00d3a3de71d5184833e46992c6206124a068c9a9450dc308cb41d8088224480036ce59a6c750dff5e56c2f118edf7aef258a060c80ffedffbdecb74f4fa5aea88cc72fbef5eaf499e3950d735b42d0a6650268b20103328169725b45ed77f3700d911c1955532b5455046b64223210ccb0f06b24ed808184190468c1e7000e2dddfbede1d0510ce5a7df7dcd15451800bff2d4b3bb71ed3a5aefceb63c7e75ffccf4d83d172d80871282325c8eb0275900e112edb6ba50f3fe30c070ef4e282a62540bc38381b1aca600203aa6909972240c4e51c5301904e082640731d4e7986f1c46b993357df2bd375c6d210c805ffbc1f75f397d6fccd16dafea631fd793cb831fbd54a3eda70510418c4240c8180a2d8e4966554cc57e50430da2182c657a54348e32a2b50e1a3654b989a1f0644ca1c2267b45732625d325d1e530c62ccdfbc3be434a4e8f9ebdd2f6489c33f8f5e79ebbf6fc0dcd1850b4f1c1cff1c977ee79ecce142001a28d92036248868618326db26d97cc52ca25908a088f11c91223b21520d946090498649b3ce04d83834ed206ca2eb86cabcbd5fbc97e500ae013db17a725c2804dfedd4f7f72fd27d73dbb531175e797f2bb2fdcf3c8fd4d7d35075cf0393920440152198b2dc0b5d9f6751b985403043001a881b04032285836cc40191e2b61bdd6e0d45649e3361255f490c3f2328ca5d7cd835020f899edcfb2e8b00df0c99ffff0faf3d76ad6e00862f56ff2e73fc6831f5b116b955536401bb60962948c1dc622a8330064a0869260c2806500240076c038d75b12aad18c6943c72aa609c319006155a8574c2c551feaf37cba180578f3db673fb039d216c8bf7fe1d9d39fbd322faee8a98c3f5fbdfaed71e5d31723a32df200c02cd802408f92b460d976d7e0512ba416165a80299bb451e06d2edbb06544a3c02585a35572d3d62b2d4e83b60c60289acbacc3f0f6749e01999e7efff419218ab6017ee7a5e7c60f7ebe9547f469a07df9ae37ff76b5fe67f7acb8ac4a1e0023645b3020d51835bc6c17ab5a4684e6796d06c86c3269bb4c2008eb5c55ad9c13cb315ad5d17a8acdfa685217cb708901dad018d1b413cf6ef66e08d4fa8f4e9f2e47850d984fbffc633cf7c32dbdb4011a5ff8c8c9ff9c57f73d7605cab2641361d8a665b00e4b0df55eb02c932aaf037264648996dc602109cbb086c0c4394f61b4962d56eba4842c59ca80488f61c498e5ddadde6d83e3f21f9f7c73298286413efdcab3e397cf6e9b0fcd7da3fe5b9fd2576e4df1997bc664c3b6e00085732534edf6c5510e5a813ad4b4699918952de62a68948316a7c6058c84248ed9ebc926928e556622497074d3192aa44b39d4bbc6f66c745be4b8f22727df980b84718edf79ed87672f7dcf87ca1a623b3cfabbede9173663fa7cbf0cc15699ccf070844621b5f4bde45c4d717ad7b4cdbb2fccec4bc5d4cf7ad301abda39d473d364a361c8abb154ae1a67f35c9b52049899bd17085744ba4a5eb89cf5b17549a07de54b37beba0421189bc167defbc5bbd79e7af362cddd543b3cf0e5e9b97fc8689fb874340d431602912e475689e9d2c1ea9e8ed66baf36b1a0b12fe5ec67236b70a5a53c7aac1a20d3dd480b91619c636476671046ab2a93e819e9eac23c306e6d2d590474e58b37beb6044da3af36fccef6d55f9dfcf027ab6dd540b5e5c2bfbdfceadf7aadfb1e59451916480451604002611f505dd37a9d68eb15ca25bbb0ec2aac681ed60032a9926b98c100491376440066865c69c9642c0cba4a1c3bc4f55b6dc800ed2b4fdcf8c620e5b171adf9edfdeb6f9ffdf447f396d5ed18f1670f5ffb9b6575b8f8c9bbf60db40c326839021200cb902309aeb1b4cd380b362c63cc4024a18290014052d50033683210613343b449d3b70164b70d18d261d16eab2e9cb3effdc27bdf2a50c31b28f9ccc92b27fddb3f3bf4da9553e2e39fbff5bfafe59c0f7e4c1141c94cd202090909551019e1d182b60ff394a1ddb0c2916149c5292ccaa831e055408860261c49d986cd940502ee900960e958b6739fcb06607df4b7defa8e8c81497d93fc879b2f9fc6b32fdf3ae9fb3e62981ffe333df95cd0fcccbdbbccb080206c93909ca8cad6c248e39c3464b8f64aca8820398480c105d090bcce100268912468999098924dda1d002d8d7deac6ce5db669eb738fbcf23d0c5452cc03bf35bff9def4c22bfb17b7e330cad0d53fbdf2a327d962fbf023ca0936689c33290b86b1ce06906cac4550d5282c0e0c18910183b28d4e19b2a624487a15535a88450644ca36009741a854b5cca707418261e8897bfff18731a05ca626f1ebede4cdcd4f7e7ae7736f2c9d73c372d7130fbdf0b7603b1c7df88168b6498300c80530981140b4d048c584a5a396628d2a8411413b43b71176d036e9480239350f64f5024116618194045beaeb5bef2c28f81c007fe98e5ffc781a8491cbea83fc1aa6d797d77f7cf9f5e7b4f58891cb177ee79dff71f348bd3d76ffc56584b208322cd5c472b6208204ec000263d42801527536206093965c0c23824512241009c9619745c2848d96bb2a24ab0ee3ec74499662d9cc98f0a54bdf7b61aaf4d82cfacd0bfc3be61bbb77bfbf7ae3e7b3fbe088c3679ff0df3cdf88e5eedf7860bfbf54336003849994d9d26404e00a9ab0ab8f01d0e8082100d32ea048818d322282369b2513304b1219b688e1db0acbf66c9661c568051c7d594f5dcf522897bb3e3df84dc6b5ebfdfbdb775e3859ede5f2f2e85fe6379e89d5b41df77ef4b8b28a81b2221800ec4c443009547094018f2a0368dd182201da260cd9910919d96045403282b47b29005b160335e4d8dedc9255ac2882cbfd5fbaf5cd2ea9e170e563578bdf88b8799dcfbe345e7bdb5d652d57ffdde6675fe37ab3ecc6bd8f5c3ed3a6085b110183763444300306dd47d9026d196d18cb202a8370d290159950218200032e2300a36caa64dc26c9e67b2787c82a165d130e1fffecabdf25697bf3c0873df19bc4d9563ffdceeadadb3b55c9fde82f3ef4c6ff9a57abdc773cf4a03bc508d201c1094792cc0060ead7e608ab8cd603bd033d5b000cca06a2a1042092242c39601b06aa44123506021a6f1f3ac37225fbe4f1db8f7cefe7ab4d49573e345ddc347ecb637f166f7fede4bd13ed7a158abff7f8ee2ba747c0c981773f74cfe16c539111a08a0e3298640460c2866b745a251023393aac68044cc8413029036e0de77c0e802d5b3602b096cea6e5f08e25d05670344d7f70d7d7df9db4c4a587eeeeab4de3d35e962dfa33cfbf7b1ddb83ba510f3fb1fec63bc7f68d335db8fae0b4db2c88081a0582199e480601da82c78055c3a44784ca0609d866a13583ab52c099b40dd8062009032060730ca36fb73b5800ec3039aefcc9f2b53df65770e7470a179c7cdab374e2d77e76e397a7b1d36c8e3bfee2cea75fbe23d7a7bb37c7e67defe7bc1118a41554346a221901cb36ac6154c9203bc3820b306d67719a206e4631c408cb84e17fc203ce19a04a6377b20d99168850badff7a7a75f3d233f3de7e536a6ecfc964a75336f7df7ddedf5ebbb59e5f05fdd71e31b1b1d5ff9d52b8debdf84391000a701c29c261469472b4b365ca65d7648484a2a833692b96a4b65d29282cab4c4102453e228076177e0ecddc3aa1ba20188597eecf1779fae71df8781e0b9c1a72ceb563b79f697f5abc36e1e05d4efffc6d933efc5c377befd9643977d6f7786ad481388a9b18c2a0601d8659972c12919245500c1a099b95424219974046cd228915590400295e3c68d834dd3345089f4f6b39f78f1f956ef7fffc29eae5af894817e321d9effee78691ce6a5e0e5534fe0a59ff48f5e8e653ebcf5763e2647a4a575811199945d034198f4f039d930010d64c086d15ac8c40048d8068d0040500572748180816afb6ba78c1208801e6962f7e5f77fefe5f7ada7bbdbcc1c735ff8148cbecbf1eeb7df7875ee7de9f0f2817f757cfdc5d37bd6ba84e5b59f8f7bde2f62d53ca6e1c808d2808490ca846c4b3827d2dd64b32cb4a9956950246d033211202819e8c320297beedb6d8704123051ad0a97fef4f899771ebab84c2b050f7b994ff9dc587cf8d1b7df3c54f52e8fe32f7ee0bdc36238cd377e76e81fdb6c2292cae148824180458e2a03b22c13b4614bc664d9cc16452a628024cec94080f039680840d0a3fa613f8f314c04600389d2271fafa75693eff5723c7ce8917cca32bc457ff3abaf9ef6518ba0fac34f5f4b6eb7172ae3a51fe97074dffd2b318342106012400125812ad902016795702e6592412930b22d6604cf9501902803902d9bd4181dcbe941361c8641c0c83ffae0adff73b1d7c3c7323134814f1a064fe2b07ff6476f9f2dee056c1fffdd7960dceceb63bff06cd5fea1f7af914930030a0600cb82445a651b809492088203d968714c9edbaa9bbf06d806834306654b36346a9ffd74a734091b8ce63abaf047975efd8ed9eebbf3d269861ce23701349cc449bdf1e46b3777d600fbc3bf73c7198e777b8eebafffd2e67d57a73651cc16568441c028a91084cb06553288dbd8314d1c63aa4987d57ae03602846c46a80b94045baab2c67c583a00c246c46ae2dd973fdb7ff462687d2f2fac18050d7e13c1c8ddfed4fbefbd79f28b030feb43bffff31f8875e9f4eced1fecb6d403f7093c6e4e060d349074817d1402e4b02350c50188e10814929aca36225332ca488210eca80af73225d9eadc6d074acab099315d54bbf7b7e7af9eb5c3858ff6fd314894f82449e552bbd15f7ce1e57f80ad499bcf7ceac2c4a657def8feacf59df74d27a5cdd4560848c80cc006f67210820192b60620a422588e640e9944c016ca4c0094451a5c1634ab646960d91d4a4a0360b6b6c2f4b1474fbfd61b560f84130cc87c92047ce03ce7d9eb3f7efa7ab0afc447ffe595c87863bbfbfb7eefa5e3b67bc788d5d114019bd102e580f666c490820490310f50a012a4dca658061b650870016907a19aecd4a1b7010bf0906abeb558e1489a3935f1f7def7ee93f4d48e73724450e093809bf6ec3bf8bde77ffcf70c2e2defff9757d76b9fbc7df3251cdf71f7e9d9cdec23d6536680994c0c37d48273c30a1240721e8c021dc5b4628a514c4a21c002284452c32abaab75c20034162c37668e6444642616deff87fdc55fbab7e972ac89089a7c0a06a2d36767f3c9f5d7feef8d9ce6982e7eee834777e49bafbcbebf80e8d7a83bc8295b663033911c68a882241b419ca355648186901432a480ec000c18162228157a513222aa00e441cbcd39ba13c5cd26bdc2839fdbffe295a6f23d8160100c3e0da368e370b2bb7978effbcf8a81b6facd4f66fac66b3fb91e7974ba5ab52b88ac556b91ada58362a00a1a6204011b70165d206404610004ca206100860c5a0a8e415731b204709a97fde9acd1a6005aba5d991e7c74fffcdbfb50bfbac2c8a023f82d0055288d7dbfb53d7df1eb37dc728a0f7f21aebdf5da3b6747ac0bebd3d6ee699beccbd422a7166192b08a1e621284ca8c36e861a20844c006e9120918b7f9b692518a129300699796eddc558ecdc5958de2957ffec00baf78d94fab8da7516139f89481319a7b9fab5fef2f7ee3e549def43bbebc79fec7d7974dfa085a29aeae379cab25d8921b3169bbd2a3180451dd2d73c05d8412620664068600c2000dc392ec2a72c4c632021a35d5c106366373f58eccf561bd3ebef374b7e46beb0bb7de4e756a14f974aac3a6fb28bfde7ff19d7f54d0117f72efcbdfbb76b4acdabab292572f8f5593653218eb95cd40d9920c37d6604b8ca17009498bab693682ae320830a20218258f52c09101970105baee7a60335fd4fa625bdc362db51953e997e3523d0f2cd03ceaff03960ffd2f1503690e0000000049454e44ae426082);

-- --------------------------------------------------------

--
-- Table structure for table `notice`
--

DROP TABLE IF EXISTS `notice`;
CREATE TABLE `notice` (
  `notice_id` int(10) NOT NULL COMMENT 'notice id',
  `date` date NOT NULL COMMENT 'date generated',
  `notice` longtext NOT NULL COMMENT 'text'
) ENGINE=InnoDB DEFAULT CHARSET=utf8mb4;

-- --------------------------------------------------------

--
-- Table structure for table `payroll`
--

DROP TABLE IF EXISTS `payroll`;
CREATE TABLE `payroll` (
  `pay_id` int(10) NOT NULL COMMENT 'payroll id',
  `emp_id` int(10) NOT NULL COMMENT 'employee id ',
  `pay_date` date NOT NULL COMMENT 'payroll date',
  `pay_amount` int(11) NOT NULL COMMENT 'payroll amount'
) ENGINE=InnoDB DEFAULT CHARSET=utf8mb4;

--
-- Dumping data for table `payroll`
--

INSERT INTO `payroll` (`pay_id`, `emp_id`, `pay_date`, `pay_amount`) VALUES
(1, 1, '2021-07-01', 1784),
(2, 2, '2021-07-01', 1210),
(3, 3, '2021-07-01', 1620),
(4, 4, '2021-07-01', 1784),
(5, 5, '2021-07-01', 1190),
(6, 10, '2021-07-01', 1200),
(7, 1, '2021-06-01', 1794),
(8, 1, '1970-01-01', 1883),
(9, 2, '1970-01-01', 1278),
(10, 3, '1970-01-01', 1710),
(11, 4, '1970-01-01', 1883),
(12, 5, '1970-01-01', 1258),
(13, 10, '1970-01-01', 1268);

-- --------------------------------------------------------

--
-- Table structure for table `position`
--

DROP TABLE IF EXISTS `position`;
CREATE TABLE `position` (
  `position` varchar(25) NOT NULL COMMENT 'e.g Supervisor, Assistant Supervisor, Trainer',
  `salary` int(6) UNSIGNED NOT NULL COMMENT 'Salary for the position'
) ENGINE=InnoDB DEFAULT CHARSET=utf8mb4;

--
-- Dumping data for table `position`
--

INSERT INTO `position` (`position`, `salary`) VALUES
('assistant supervisor', 2000),
('edp clerk', 1500),
('general worker', 1500),
('supervisor', 2500),
('training supervisor', 2200);

-- --------------------------------------------------------

--
-- Table structure for table `timestamp`
--

DROP TABLE IF EXISTS `timestamp`;
CREATE TABLE `timestamp` (
  `date` date NOT NULL,
  `emp_id` int(10) NOT NULL,
  `t_morning` time DEFAULT NULL,
  `t_afternoon_break` time DEFAULT NULL,
  `t_afternoon` time DEFAULT NULL,
  `t_evening_break` time DEFAULT NULL,
  `t_evening` time DEFAULT NULL,
  `t_end` time DEFAULT NULL
) ENGINE=InnoDB DEFAULT CHARSET=utf8mb4;

--
-- Dumping data for table `timestamp`
--

INSERT INTO `timestamp` (`date`, `emp_id`, `t_morning`, `t_afternoon_break`, `t_afternoon`, `t_evening_break`, `t_evening`, `t_end`) VALUES
('2021-06-27', 1, '11:09:00', '12:39:16', '13:18:42', '16:16:27', '17:27:34', '22:00:00'),
('2021-07-01', 2, '12:41:11', '12:28:09', '13:24:13', NULL, NULL, '19:35:05'),
('2021-07-02', 10, NULL, NULL, '13:42:26', '15:28:12', '15:29:26', '19:30:24'),
('2021-07-04', 3, '09:43:55', '12:17:15', '13:20:23', NULL, NULL, '21:50:11'),
('2021-07-08', 1, '07:48:41', '12:10:10', '13:13:13', '14:50:45', '16:19:38', '22:00:34'),
('2021-07-09', 4, '10:56:20', '14:20:58', '13:26:30', '16:00:10', '16:59:26', '21:14:44'),
('2021-07-10', 5, NULL, NULL, '14:53:44', '15:06:50', '18:18:59', '20:42:27');

-- --------------------------------------------------------

--
-- Table structure for table `work_shift`
--

DROP TABLE IF EXISTS `work_shift`;
CREATE TABLE `work_shift` (
  `shift_name` varchar(20) NOT NULL,
  `morning_time` time DEFAULT NULL,
  `afternoon_break` time DEFAULT NULL,
  `afternoon_time` time DEFAULT NULL,
  `evening_break` time DEFAULT NULL,
  `evening_time` time DEFAULT NULL
) ENGINE=InnoDB DEFAULT CHARSET=utf8mb4;

--
-- Dumping data for table `work_shift`
--

INSERT INTO `work_shift` (`shift_name`, `morning_time`, `afternoon_break`, `afternoon_time`, `evening_break`, `evening_time`) VALUES
('afternoon_shift', NULL, NULL, '12:30:00', '16:00:00', '17:00:00'),
('full_shift', '08:00:00', '12:30:00', '13:30:00', '16:00:00', '17:00:00'),
('morning_shift', '08:00:00', '12:30:00', '13:30:00', NULL, NULL);

--
-- Indexes for dumped tables
--

--
-- Indexes for table `account`
--
ALTER TABLE `account`
  ADD PRIMARY KEY (`user_id`);

--
-- Indexes for table `employee`
--
ALTER TABLE `employee`
  ADD PRIMARY KEY (`emp_id`),
  ADD KEY `emp_pos_fk` (`position`);

--
-- Indexes for table `flag`
--
ALTER TABLE `flag`
  ADD PRIMARY KEY (`no`),
  ADD KEY `flag_emp_id_fk` (`emp_id`);

--
-- Indexes for table `image`
--
ALTER TABLE `image`
  ADD KEY `img_emp_id_fk` (`emp_id`);

--
-- Indexes for table `notice`
--
ALTER TABLE `notice`
  ADD PRIMARY KEY (`notice_id`);

--
-- Indexes for table `payroll`
--
ALTER TABLE `payroll`
  ADD PRIMARY KEY (`pay_id`),
  ADD KEY `pay_emp_id_fk` (`emp_id`);

--
-- Indexes for table `position`
--
ALTER TABLE `position`
  ADD PRIMARY KEY (`position`);

--
-- Indexes for table `timestamp`
--
ALTER TABLE `timestamp`
  ADD PRIMARY KEY (`date`,`emp_id`),
  ADD KEY `time_emp_id_fk` (`emp_id`);

--
-- Indexes for table `work_shift`
--
ALTER TABLE `work_shift`
  ADD PRIMARY KEY (`shift_name`);

--
-- AUTO_INCREMENT for dumped tables
--

--
-- AUTO_INCREMENT for table `flag`
--
ALTER TABLE `flag`
  MODIFY `no` int(255) UNSIGNED NOT NULL AUTO_INCREMENT, AUTO_INCREMENT=47;

--
-- AUTO_INCREMENT for table `payroll`
--
ALTER TABLE `payroll`
  MODIFY `pay_id` int(10) NOT NULL AUTO_INCREMENT COMMENT 'payroll id', AUTO_INCREMENT=14;

--
-- Constraints for dumped tables
--

--
-- Constraints for table `flag`
--
ALTER TABLE `flag`
  ADD CONSTRAINT `flag_emp_id_fk` FOREIGN KEY (`emp_id`) REFERENCES `employee` (`emp_id`) ON UPDATE CASCADE;

--
-- Constraints for table `image`
--
ALTER TABLE `image`
  ADD CONSTRAINT `img_emp_id_fk` FOREIGN KEY (`emp_id`) REFERENCES `employee` (`emp_id`);

--
-- Constraints for table `payroll`
--
ALTER TABLE `payroll`
  ADD CONSTRAINT `pay_emp_id_fk` FOREIGN KEY (`emp_id`) REFERENCES `employee` (`emp_id`);

--
-- Constraints for table `timestamp`
--
ALTER TABLE `timestamp`
  ADD CONSTRAINT `time_emp_id_fk` FOREIGN KEY (`emp_id`) REFERENCES `employee` (`emp_id`);
COMMIT;

/*!40101 SET CHARACTER_SET_CLIENT=@OLD_CHARACTER_SET_CLIENT */;
/*!40101 SET CHARACTER_SET_RESULTS=@OLD_CHARACTER_SET_RESULTS */;
/*!40101 SET COLLATION_CONNECTION=@OLD_COLLATION_CONNECTION */;
